leagues,journey,season,date,hours,referee,stadium,team_name_home,team_name_away,score_home,score_away,xg_home,xg_away,Possession_home,Possession_away,S_Pourcentage de passes réussies_home,SR_Pourcentage de passes réussies_home,Pourcentage de passes réussies_home,S_Pourcentage de passes réussies_away,SR_Pourcentage de passes réussies_away,Pourcentage de passes réussies_away,S_Tirs cadrés_home,SR_Tirs cadrés_home,Tirs cadrés_home,S_Tirs cadrés_away,SR_Tirs cadrés_away,Tirs cadrés_away,S_Arrêts_home,SR_Arrêts_home,Arrêts_home,S_Arrêts_away,SR_Arrêts_away,Arrêts_away,Fautes_home,Fautes_away,Corners_home,Corners_away,Centres_home,Centres_away,Touches_home,Touches_away,Tacles_home,Tacles_away,Interceptions_home,Interceptions_away,Duels aériens gagnés_home,Duels aériens gagnés_away,Dégagements_home,Dégagements_away,Hors-jeux_home,Hors-jeux_away,Dégagements au six mètres_home,Dégagements au six mètres_away,Rentrée de touche_home,Rentrée de touche_away,Longs ballons_home,Longs ballons_away,yellow_card_dom,yellow_card_ext,red_card_dom,red_card_ext,Entraineur_home,Entraineur_away,Capitaine_home,Capitaine_away,Compo_home,Compo_away,Teams_home,Teams_away,link
Ligue 1,Journée 28,2024/2025,04/04/2025,20:45,Hakim Ben El Hadj Salem,Allianz Riviera,Nice,Nantes,1,2,1.9,0.5,0.76,0.24,620,748,0.83,144,240,0.6,9,21,0.43,4,8,0.5,2,4,0.5,8,9,0.88,9,14,11,2,51,3,867,402,18,22,5,15,24,17,13,59,1,0,3,15,25,15,65,69,1,1,0,0,Franck Haise,Antoine Kombouaré,Youssouf Ndayishimiye,Nicolas Pallois,3-4-3,3-4-3,"['Marcin Bułka', 'Ali Abdi', 'Mohamed Abdelmoneim', 'Hicham Boudaoui', 'Jeremie Boga', 'Pablo Rosario', 'Gaëtan Laborde', 'Mohamed Ali Cho', 'Youssouf Ndayishimiye', 'Moïse Bombito', 'Jonathan Clauss', 'Maxime Dupé', 'Terem Moffi', 'Morgan Sanson', 'Youssoufa Moukoko', 'Badredine Bouanani', 'Tom Louchet', 'Baptiste Santamaria', 'Evann Guessand', 'Antoine Mendy']","['Anthony Lopes', 'Nicolas Cozza', 'Nicolas Pallois', 'Douglas', 'Meschak Elia', 'Sorba Thomas', 'Saidou Sow', 'Moses Simon', 'Matthis Abline', 'Louis Leroux', 'Kelvin Amian', 'Patrik Carlgren', 'Johann Lepenant', 'Tino Kadewere', 'Marcus Coco', 'Florent Mollet', 'Mostafa Mohamed', 'Dehmaine Assoumani', 'Bahereba Guirassy', 'Sékou Doucoure']",https://fbref.com/fr/matchs/3b3118ec/Nice-Nantes-4-Avril-2025-Ligue-1
Ligue 1,Journée 28,2024/2025,05/04/2025,17:00,Marc Bollengier,Parc des Princes,Paris Saint-Germain,Angers,1,0,1.9,0.2,0.81,0.19,914,991,0.92,171,232,0.74,6,20,0.3,0,4,0.0,0,0,0.0,5,6,0.83,7,12,5,1,16,4,1082,347,25,18,1,3,5,4,10,24,1,4,3,10,18,5,34,45,0,3,0,0,Luis Enrique,Alexandre Dujeux,Marquinhos,Himad Abdelli,4-3-3,5-3-2,"['Gianluigi Donnarumma', 'Achraf Hakimi', 'Marquinhos', 'Khvicha Kvaratskhelia', 'Fabián Ruiz Peña', 'Gonçalo Ramos', 'Désiré Doué', 'Vitinha', 'Lucas Hernández', 'Warren Zaïre-Emery', 'Willian Pacho', 'Matvei Safonov', 'Presnel Kimpembe', 'Ousmane Dembélé', 'Senny Mayulu', 'Nuno Mendes', 'Bradley Barcola', 'Lucas Beraldo', 'Ibrahim Mbaye', 'João Neves']","['Yahia Fofana', 'Jacques Ekomie', 'Jean-Eudes Aholou', 'Himad Abdelli', 'Yassin Belkhdim', 'Esteban Lepaul', 'Jordan Lefort', 'Abdoulaye Bamba', 'Florent Hanin', 'Lilian Raolisoa', 'Farid El Melali', 'Melvin Zinga', 'Carlens Arcus', 'Marius Courcoul', 'Ibrahima Niane', 'Zinédine Ould Khaled', 'Jim Allevinah', 'Zinedine Ferhat', 'Ousmane Camara', 'Bamba Dieng']",https://fbref.com/fr/matchs/85f4be0a/Paris-Saint-Germain-Angers-5-Avril-2025-Ligue-1
Ligue 1,Journée 28,2024/2025,05/04/2025,19:00,Thomas Léonard,Stade Francis-Le Blé,Brest,Monaco,2,1,1.0,1.5,0.41,0.59,269,380,0.71,434,542,0.8,5,13,0.38,1,9,0.11,1,1,1.0,3,5,0.6,13,16,2,9,19,20,504,647,25,8,6,11,14,16,35,19,0,1,10,11,11,8,83,64,3,2,0,0,Eric Roy,Adi Hütter,Brendan Chardonnet,Denis Zakaria,4-3-3,4-4-2,"['Marco Bizot', 'Abdoulaye Niakhate Ndiaye', 'Brendan Chardonnet', 'Kenny Lala', 'Hugo Magnetti', 'Abdallah Sima', 'Ludovic Ajorque', 'Pierre Lees-Melou', 'Massadio Haïdara', 'Mathias Pereira Lage', 'Mahdi Camara', 'Grégoire Coudert', 'Edimilson Fernandes', 'Kamory Doumbia', 'Romain Del Castillo', 'Luc Zogbé', 'Mama Samba Baldé', 'Jordan Amavi', 'Julien Le Cardinal', 'Hamidou Makalou']","['Philipp Köhn', 'Thilo Kehrer', 'Denis Zakaria', 'Maghnes Akliouche', 'Caio Henrique Oliveira Silva', 'Christian Mawissa', 'Mika Biereth', 'Lamine Camara', 'Wilfried Singo', 'Takumi Minamino', 'Breel Embolo', 'Radosław Majecki', 'Vanderson', 'Eliesse Ben Seghir', 'Almoatasem Al Musrati', 'Folarin Balogun', 'Aleksandr Golovin', 'George Ilenikhena', 'Mohammed Salisu', 'Krépin Diatta']",https://fbref.com/fr/matchs/3b8a372d/Brest-Monaco-5-Avril-2025-Ligue-1
Ligue 1,Journée 28,2024/2025,05/04/2025,21:05,Eric Wattellier,Groupama Stadium,Lyon,Lille,2,1,1.8,0.9,0.56,0.44,563,642,0.88,428,501,0.85,3,9,0.33,4,10,0.4,3,4,0.75,2,3,0.66,15,14,1,3,11,8,728,600,17,17,14,8,5,10,14,18,1,1,3,5,17,15,47,43,3,2,0,0,Paulo Fonseca,Bruno Génésio,Alexandre Lacazette,Benjamin André,4-2-3-1,4-2-3-1,"['Lucas Perri', 'Nicolás Tagliafico', 'Corentin Tolisso', 'Alexandre Lacazette', 'Tanner Tessmann', 'Moussa Niakhate', 'Clinton Mata', 'Thiago Almada', 'Nemanja Matić', 'Ernest Nuamah', 'Ainsley Maitland-Niles', 'Rémy Descamps', 'Paul Akouokou', 'Jordan Veretout', 'Abner', 'Rayan Cherki', 'Sael Kumbedi', 'Warmed Omari', 'Enzo Molebe', 'Georges Mikautadze']","['Lucas Chevalier', 'Alexsandro Ribeiro', 'Gabriel Gudmundsson', 'Hákon Arnar Haraldsson', 'Jonathan David', 'Thomas Meunier', ""Ngal'Ayel Mukau"", 'Bafodé Diakité', 'Mitchel Bakker', 'Benjamin André', 'André Gomes', 'Vito Mannone', 'Aïssa Mandi', 'Nabil Bentaleb', 'Rémy Cabella', 'Osame Sahraoui', 'Matias Fernandez-Pardo', 'Chuba Akpom', 'Ismaily', 'Ayyoub Bouaddi']",https://fbref.com/fr/matchs/4fbb8dea/Lyon-Lille-5-Avril-2025-Ligue-1
Ligue 1,Journée 28,2024/2025,06/04/2025,15:00,Romain Lissorgue,Stade Bollaert-Delelis,Lens,Saint-Étienne,1,0,2.1,1.4,0.6,0.4,463,562,0.82,268,370,0.72,5,20,0.25,2,7,0.29,2,2,1.0,4,5,0.8,14,20,6,3,20,8,669,488,15,17,12,8,19,11,8,19,7,0,4,12,12,15,60,61,3,2,0,0,Will Still,Eirik Horneland,Florian Sotoca,Gautier Larsonneur,3-4-1-2,4-3-3,"['Mathew Ryan', 'Ruben Aguilar', 'Deiver Machado', 'Florian Sotoca', 'Facundo Medina', 'Andy Diouf', 'Malang Sarr', 'Wesley Saïd', 'Neil El Aynaoui', 'Juma Bah', 'Adrien Thomasson', 'Hervé Koffi', 'Nidal Celik', 'Angelo Fulgini', 'Hamzat Ojediran', 'Goduine Koyalipou', 'Anass Zaroury', 'Nampalys Mendy', 'Kyllian Antonio']","['Gautier Larsonneur', 'Mickael Nade', 'Pierre Ekwah Elimby', 'Benjamin Bouchouari', 'Irvin Cardona', 'Florian Tardieu', 'Maxime Bernauer', 'Léo Pétrot', 'Zuriko Davitashvili', 'Yvann Macon', 'Lucas Stassin', 'Brice Maubleu', 'Yunis Abdelhamid', 'Dennis Appiah', 'Ben Old', 'Louis Mouton', 'Dylan Batubinsika', 'Ibrahima Wadji', 'Aimen Moueffek', ""Djylian N'Guessan""]",https://fbref.com/fr/matchs/859cd779/Lens-Saint-Etienne-6-Avril-2025-Ligue-1
Ligue 1,Journée 28,2024/2025,06/04/2025,17:15,Benoît Bastien,Stade de la Mosson-Mondial 98,Montpellier,Le Havre,0,2,1.0,1.4,0.55,0.45,477,558,0.85,371,456,0.81,6,14,0.43,4,13,0.31,2,4,0.5,6,6,1.0,15,7,5,2,27,15,688,582,19,28,4,6,13,13,15,30,3,1,7,8,30,14,72,63,1,1,1,0,Jean-Louis Gasset,Didier Digard,Benjamin Lecomte,Arouna Sangante,4-2-3-1,4-2-3-1,"['Benjamin Lecomte', 'Bamo Meïté', 'Issiaga Sylla', 'Modibo Sagnan', 'Andy Delort', 'Téji Savanier', 'Jordan Ferri', 'Joris Chotard', 'Nicolas Pays', 'Tanguy Coulibaly', 'Falaye Sacko', 'Dimitry Bertaud', 'Boubakar Kouyaté', 'Wahbi Khazri', 'Othmane Maamma', 'Théo Sainte-Luce', 'Rabby Nzingoula', 'Khalil Fayad', 'Simon Cara', 'Wilfried Ndollo']","['Mathieu Gorgelin', 'Gautier Lloris', 'Loïc Nego', 'Yassine Kechta', 'Josué Casimir', 'Antoine Joujou', 'Junior Mwanga', 'Timothee Pembele', 'Arouna Sangante', 'Abdoulaye Touré', 'Koka', 'Arthur Desmas', 'Etienne Youte Kinkoue', 'Yanis Zouaoui', 'Rassoul Ndiaye', 'André Ayew', 'Mahamadou Diawara', 'Issa Soumaré', 'Ilyes Housni', 'Fodé Ballo-Touré']",https://fbref.com/fr/matchs/0f9ee6ec/Montpellier-Le-Havre-6-Avril-2025-Ligue-1
Ligue 1,Journée 28,2024/2025,06/04/2025,17:15,Clément Turpin,Stade Auguste-Delaune,Reims,Strasbourg,0,1,1.3,2.5,0.48,0.52,383,470,0.81,427,501,0.85,6,14,0.43,4,13,0.31,3,4,0.75,6,6,1.0,11,9,4,7,25,15,578,627,14,18,12,9,10,7,22,33,0,3,7,9,16,7,52,46,2,2,1,1,Samba Diawara,Liam Rosenior,Yehvann Diouf,Andrey Santos,5-4-1,3-4-3,"['Yehvann Diouf', 'Joseph Okumu', 'Hiroki Sekine', 'Valentin Atangana Edoa', 'Junya Ito', 'Keito Nakamura', 'Sergio Akieme', 'Cédric Kipré', 'Mory Gbane', 'Amadou Koné', 'Hafiz Ibrahim', 'Alexandre Olliero', 'Teddy Teuma', 'Jordan Pefok', 'Aurélio Buta', 'John Joe', 'Malcolm Jeng', 'Nhoa Sangui', 'Mamadou Diakhon', 'Ange Martial Tia']","['Đorđe Petrović', 'Abakar Sylla', 'Félix Lemaréchal', 'Diego Moreira', 'Andrey Santos', 'Emanuel Emegha', 'Sebastian Nanasi', 'Mamadou Sarr', 'Dilane Bakwa', 'Ismaël Doukouré', 'Valentín Barco', 'Karl-Johan Johnsson', 'Andrew Omobamidele', 'Sekou Mara', 'Habib Diarra', 'Samuel Amo-Ameyaw', 'Amadou Cissé', 'Samir El Mourabet', 'Guimissongui Ouattara', 'Eduard Sobol']",https://fbref.com/fr/matchs/44834f60/Reims-Strasbourg-6-Avril-2025-Ligue-1
Ligue 1,Journée 28,2024/2025,06/04/2025,17:15,Florent Batta,Roazhon Park,Rennes,Auxerre,0,1,1.2,0.8,0.63,0.37,603,685,0.88,326,409,0.8,5,18,0.28,3,11,0.27,2,3,0.66,5,5,1.0,10,5,8,5,19,14,782,515,15,15,9,9,11,11,12,27,2,4,8,7,18,13,42,72,0,0,0,0,Habib Beye,Christophe Pélissier,Adrien Truffert,Jubal,3-4-3,5-4-1,"['Brice Samba', 'Adrien Truffert', 'Lilian Brassier', 'Seko Fofana', 'Arnaud Kalimuendo', 'Kazeem Olaigbe', 'Lorenz Assignon', 'Anthony Rouault', 'Hans Hateboer', 'Djaoui Cissé', 'Mohamed Meité', 'Steve Mandanda', 'Christopher Wooh', 'Azor Matusiwa', 'Kyogo Furuhashi', 'Musa Al-Taamari', 'Jordan James', 'Mahamadou Nagida', 'Ismaël Koné', 'Jérémy Jacquet']","['Donovan Léon', 'Jubal', 'Gaëtan Perrin', 'Gideon Mensah', 'Lassine Sinayoko', 'Assane Dioussé', 'Sinaly Diomande', 'Ki-Jana Hoever', 'Ado Onaiwu', 'Han-Noah Massengo', 'Clément Akpa', 'Théo De Percin', 'Gabriel Osho', 'Theo Bair', 'Eros Maddy', 'Fredrik Oppegard', 'Yoann Cissé', 'Florian Ayé', 'Paul Joly', 'Rudy Matondo']",https://fbref.com/fr/matchs/cd76c50c/Rennes-Auxerre-6-Avril-2025-Ligue-1
Ligue 1,Journée 28,2024/2025,06/04/2025,20:45,Jérémie Pignard,Orange Vélodrome,Marseille,Toulouse,3,2,1.0,1.3,0.67,0.33,580,660,0.88,264,325,0.81,4,9,0.44,3,8,0.38,1,3,0.33,2,4,0.5,11,15,5,1,17,7,728,415,11,14,9,6,13,5,6,24,3,2,7,8,20,15,37,49,2,3,0,0,Roberto De Zerbi,Carles Martínez,Geoffrey Kondogbia,Vincent Sierro,3-4-3,3-4-3,"['Gerónimo Rulli', 'Quentin Merlin', 'Neal Maupay', 'Mason Greenwood', 'Derek Cornelius', 'Geoffrey Kondogbia', 'Valentin Rongier', 'Ismaël Bennacer', 'Adrien Rabiot', 'Luis Henrique', 'Michael Amir Murillo', 'Jeffrey De Lange', 'Ulisses Garcia', 'Amine Harit', 'Faris Pemi Moumbagna', 'Jon Rowe', 'Pierre Højbjerg', 'Bilal Nadir', 'Pol Lirola', 'Amar Dedić']","['Guillaume Restes', 'Mark McKenzie', 'Charlie Cresswell', 'Vincent Sierro', 'Frank Magri', 'Yann Gboho', 'Aron Dønnum', 'Gabriel Suazo', 'Djibril Sidibé', 'Cristian Cásseres Jr.', 'Shavy Babicka', 'Kjetil Haug', 'Ümit Akdag', 'Waren Kamanzi', 'Joshua King', 'Miha Zajc', 'Rafik Messali', 'Jaydee Canvot', 'Noah Edjouma', 'Edhy Zuliani']",https://fbref.com/fr/matchs/37a1d2be/Marseille-Toulouse-6-Avril-2025-Ligue-1
Ligue 1,Journée 29,2024/2025,11/04/2025,20:45,François Letexier,Stade Bollaert-Delelis,Lens,Reims,0,2,2.9,1.4,0.7,0.3,608,727,0.84,223,307,0.73,14,37,0.38,2,10,0.2,0,2,0.0,14,14,1.0,9,7,9,2,57,9,834,473,20,10,1,5,15,22,14,79,1,1,5,16,21,9,62,65,1,0,0,0,Will Still,Samba Diawara,Florian Sotoca,Yehvann Diouf,3-4-3,5-4-1,"['Mathew Ryan', 'Deiver Machado', 'Florian Sotoca', 'Facundo Medina', 'Andy Diouf', 'Goduine Koyalipou', 'Anass Zaroury', 'Jonathan Gradit', 'Juma Bah', 'Adrien Thomasson', 'Kyllian Antonio', 'Hervé Koffi', ""M'Bala Nzola"", 'Angelo Fulgini', 'Hamzat Ojediran', 'Malang Sarr', 'Wesley Saïd', 'Jeremy Agbonifo', 'Nampalys Mendy', 'Tom Pouilly']","['Yehvann Diouf', 'Hiroki Sekine', 'Valentin Atangana Edoa', 'Junya Ito', 'Jordan Pefok', 'Keito Nakamura', 'Sergio Akieme', 'Aurélio Buta', 'Mory Gbane', 'Malcolm Jeng', 'Amadou Koné', 'Alexandre Olliero', 'Teddy Teuma', 'Gabriel Moscardo', 'Oumar Diakité', 'John Joe', 'Nhoa Sangui', 'Hafiz Ibrahim', 'Ange Martial Tia', 'Abdoul Koné']",https://fbref.com/fr/matchs/1fafebba/Lens-Reims-11-Avril-2025-Ligue-1
Ligue 1,Journée 29,2024/2025,12/04/2025,17:00,Benoît Bastien,Stade Louis II,Monaco,Marseille,3,0,2.6,1.1,0.42,0.58,347,443,0.78,520,617,0.84,9,14,0.64,4,8,0.5,4,4,1.0,7,9,0.77,6,18,4,4,15,16,557,734,17,17,13,5,9,5,26,21,2,1,5,7,21,11,65,41,2,1,0,0,Adi Hütter,Roberto De Zerbi,Denis Zakaria,Pierre Højbjerg,4-4-2,3-4-3,"['Philipp Köhn', 'Vanderson', 'Thilo Kehrer', 'Denis Zakaria', 'Maghnes Akliouche', 'Caio Henrique Oliveira Silva', 'Mika Biereth', 'Lamine Camara', 'Wilfried Singo', 'Takumi Minamino', 'Breel Embolo', 'Radosław Majecki', 'Eliesse Ben Seghir', 'Almoatasem Al Musrati', 'Folarin Balogun', 'Aleksandr Golovin', 'George Ilenikhena', 'Mohammed Salisu', 'Krépin Diatta', 'Soungoutou Magassa']","['Gerónimo Rulli', 'Quentin Merlin', 'Ulisses Garcia', 'Mason Greenwood', 'Jon Rowe', 'Geoffrey Kondogbia', 'Valentin Rongier', 'Pierre Højbjerg', 'Adrien Rabiot', 'Luis Henrique', 'Michael Amir Murillo', 'Jeffrey De Lange', 'Neal Maupay', 'Amine Gouiri', 'Amine Harit', 'Derek Cornelius', 'Ismaël Bennacer', 'Bilal Nadir', 'Pol Lirola', 'Amar Dedić']",https://fbref.com/fr/matchs/b1f79298/Monaco-Marseille-12-Avril-2025-Ligue-1
Ligue 1,Journée 29,2024/2025,12/04/2025,19:00,Jérôme Brisard,Stadium de Toulouse,Toulouse,Lille,1,2,0.9,0.5,0.43,0.57,378,464,0.81,538,619,0.87,5,9,0.56,3,6,0.5,1,3,0.33,4,5,0.8,15,11,4,2,18,6,549,708,11,16,13,8,10,12,15,26,1,2,4,8,17,17,61,43,1,2,0,0,Carles Martínez,Bruno Génésio,Vincent Sierro,Benjamin André,3-4-3,4-2-3-1,"['Guillaume Restes', 'Mark McKenzie', 'Charlie Cresswell', 'Vincent Sierro', 'Frank Magri', 'Yann Gboho', 'Aron Dønnum', 'Gabriel Suazo', 'Djibril Sidibé', 'Rafik Messali', 'Cristian Cásseres Jr.', 'Kjetil Haug', 'Ümit Akdag', 'Waren Kamanzi', 'Joshua King', 'Miha Zajc', 'Jaydee Canvot', 'Noah Edjouma', 'Mathis Saka', 'Shavy Babicka']","['Lucas Chevalier', 'Aïssa Mandi', 'Alexsandro Ribeiro', 'Hákon Arnar Haraldsson', 'Jonathan David', 'Bafodé Diakité', 'Matias Fernandez-Pardo', 'Mitchel Bakker', 'Benjamin André', 'André Gomes', 'Ismaily', 'Vito Mannone', 'Gabriel Gudmundsson', 'Nabil Bentaleb', 'Osame Sahraoui', 'Thomas Meunier', ""Ngal'Ayel Mukau"", 'Chuba Akpom', 'Ethan Mbappé', 'Ayyoub Bouaddi']",https://fbref.com/fr/matchs/0a9272f4/Toulouse-Lille-12-Avril-2025-Ligue-1
Ligue 1,Journée 29,2024/2025,12/04/2025,21:05,Jérémie Pignard,Stade de la Meinau,Strasbourg,Nice,2,2,0.7,1.7,0.47,0.53,422,515,0.82,480,583,0.82,4,11,0.36,6,23,0.26,4,6,0.66,2,4,0.5,5,8,2,9,15,34,635,675,11,13,11,7,6,16,36,17,0,0,13,3,11,24,63,52,1,2,0,0,Liam Rosenior,Franck Haise,Habib Diarra,Dante,3-4-3,3-4-3,"['Đorđe Petrović', 'Andrew Omobamidele', 'Félix Lemaréchal', 'Andrey Santos', 'Emanuel Emegha', 'Habib Diarra', 'Guela Doué', 'Dilane Bakwa', 'Samuel Amo-Ameyaw', 'Ismaël Doukouré', 'Valentín Barco', 'Karl-Johan Johnsson', 'Abakar Sylla', 'Sekou Mara', 'Sebastian Nanasi', 'Pape Daouda Diongue', 'Amadou Cissé', 'Samir El Mourabet', 'Guimissongui Ouattara', 'Eduard Sobol']","['Marcin Bułka', 'Dante', 'Hicham Boudaoui', 'Jeremie Boga', 'Gaëtan Laborde', 'Melvin Bard', 'Baptiste Santamaria', 'Evann Guessand', 'Youssouf Ndayishimiye', 'Moïse Bombito', 'Jonathan Clauss', 'Maxime Dupé', 'Ali Abdi', 'Pablo Rosario', 'Terem Moffi', 'Sofiane Diop', 'Morgan Sanson', 'Badredine Bouanani', 'Tom Louchet', 'Antoine Mendy']",https://fbref.com/fr/matchs/55275978/Strasbourg-Nice-12-Avril-2025-Ligue-1
Ligue 1,Journée 29,2024/2025,13/04/2025,15:00,Abdelatif Kherradji,Stade Geoffroy-Guichard,Saint-Étienne,Brest,3,3,0.7,1.5,0.59,0.41,437,522,0.84,271,362,0.75,4,9,0.44,5,13,0.38,2,5,0.4,1,4,0.25,21,18,7,9,20,25,625,466,13,21,4,12,17,13,31,29,0,3,6,5,15,23,52,84,2,4,0,0,Eirik Horneland,Eric Roy,Gautier Larsonneur,Brendan Chardonnet,4-3-3,4-2-3-1,"['Gautier Larsonneur', 'Mickael Nade', 'Pierre Ekwah Elimby', 'Benjamin Bouchouari', 'Irvin Cardona', 'Dennis Appiah', 'Maxime Bernauer', 'Léo Pétrot', 'Zuriko Davitashvili', 'Aimen Moueffek', 'Lucas Stassin', 'Brice Maubleu', 'Yunis Abdelhamid', 'Florian Tardieu', 'Ben Old', 'Louis Mouton', 'Dylan Batubinsika', 'Ibrahima Wadji', 'Yvann Macon', ""Djylian N'Guessan""]","['Marco Bizot', 'Abdoulaye Niakhate Ndiaye', 'Brendan Chardonnet', 'Kenny Lala', 'Hugo Magnetti', 'Abdallah Sima', 'Ludovic Ajorque', 'Pierre Lees-Melou', 'Massadio Haïdara', 'Mathias Pereira Lage', 'Mahdi Camara', 'Grégoire Coudert', 'Kamory Doumbia', 'Romain Del Castillo', 'Luc Zogbé', 'Mama Samba Baldé', 'Jordan Amavi', 'Julien Le Cardinal', 'Jonas Martin', 'Hamidou Makalou']",https://fbref.com/fr/matchs/8a453c4e/Saint-Etienne-Brest-13-Avril-2025-Ligue-1
Ligue 1,Journée 29,2024/2025,13/04/2025,17:15,Benoît Millot,Stade Raymond Kopa,Angers,Montpellier,2,0,1.4,0.5,0.37,0.63,323,399,0.81,590,674,0.88,4,10,0.4,2,5,0.4,2,2,1.0,2,4,0.5,12,13,6,1,17,22,504,791,21,26,8,8,8,7,22,21,0,1,9,6,18,24,42,49,0,2,0,0,Alexandre Dujeux,Zoumana Camara,Himad Abdelli,Benjamin Lecomte,5-3-2,5-4-1,"['Yahia Fofana', 'Jacques Ekomie', 'Jean-Eudes Aholou', 'Himad Abdelli', 'Yassin Belkhdim', 'Esteban Lepaul', 'Jordan Lefort', 'Abdoulaye Bamba', 'Florent Hanin', 'Lilian Raolisoa', 'Farid El Melali', 'Melvin Zinga', 'Carlens Arcus', 'Marius Courcoul', 'Ibrahima Niane', 'Zinédine Ould Khaled', 'Justin-Noël Kalumba', 'Jim Allevinah', 'Zinedine Ferhat', 'Ousmane Camara']","['Benjamin Lecomte', 'Boubakar Kouyaté', 'Modibo Sagnan', 'Jordan Ferri', 'Joris Chotard', 'Théo Sainte-Luce', 'Nicolas Pays', 'Khalil Fayad', 'Becir Omeragic', 'Wilfried Ndollo', 'Tanguy Coulibaly', 'Dimitry Bertaud', 'Issiaga Sylla', 'Wahbi Khazri', 'Téji Savanier', 'Rabby Nzingoula', 'Lucas Mincarelli', 'Junior Ndiaye', 'Yael Mouanga', 'Falaye Sacko']",https://fbref.com/fr/matchs/47a1a48a/Angers-Montpellier-13-Avril-2025-Ligue-1
Ligue 1,Journée 29,2024/2025,13/04/2025,17:15,Willy Delajod,Stade Océane,Le Havre,Rennes,1,5,0.6,2.7,0.56,0.44,411,507,0.81,326,406,0.8,2,11,0.18,6,10,0.6,1,6,0.16,1,2,0.5,16,11,4,3,33,11,592,523,17,16,9,7,10,24,9,36,3,1,2,8,19,16,52,55,2,3,0,0,Didier Digard,Habib Beye,Arouna Sangante,Adrien Truffert,4-2-3-1,3-5-2,"['Mathieu Gorgelin', 'Gautier Lloris', 'Loïc Nego', 'Yassine Kechta', 'Josué Casimir', 'Junior Mwanga', 'André Ayew', 'Timothee Pembele', 'Issa Soumaré', 'Arouna Sangante', 'Abdoulaye Touré', 'Arthur Desmas', 'Etienne Youte Kinkoue', 'Daler Kuzyaev', 'Yanis Zouaoui', 'Rassoul Ndiaye', 'Mahamadou Diawara', 'Ilyes Housni', 'Fodé Ballo-Touré', 'Koka']","['Brice Samba', 'Adrien Truffert', 'Lilian Brassier', 'Azor Matusiwa', 'Seko Fofana', 'Arnaud Kalimuendo', 'Musa Al-Taamari', 'Lorenz Assignon', 'Anthony Rouault', 'Djaoui Cissé', 'Jérémy Jacquet', 'Steve Mandanda', 'Christopher Wooh', 'Kyogo Furuhashi', 'Jordan James', 'Kazeem Olaigbe', 'Carlos Gómez', 'Hans Hateboer', 'Mohamed Meité', 'Ismaël Koné']",https://fbref.com/fr/matchs/9c967c61/Le-Havre-Rennes-13-Avril-2025-Ligue-1
Ligue 1,Journée 29,2024/2025,13/04/2025,20:45,Stéphanie Frappart,Stade de l'Abbé Deschamps,Auxerre,Lyon,1,3,0.7,2.9,0.41,0.59,328,404,0.81,505,589,0.86,2,14,0.14,6,12,0.5,4,6,0.66,1,2,0.5,11,9,3,6,12,12,517,686,9,18,10,7,7,9,20,21,1,5,7,11,14,15,65,40,3,1,0,0,Christophe Pélissier,Paulo Fonseca,Jubal,Alexandre Lacazette,5-4-1,4-2-3-1,"['Donovan Léon', 'Jubal', 'Gaëtan Perrin', 'Gideon Mensah', 'Lassine Sinayoko', 'Assane Dioussé', 'Sinaly Diomande', 'Ki-Jana Hoever', 'Kévin Danois', 'Ado Onaiwu', 'Clément Akpa', 'Théo De Percin', 'Theo Bair', 'Eros Maddy', 'Fredrik Oppegard', 'Yoann Cissé', 'Florian Ayé', 'Paul Joly', 'Rudy Matondo', 'Marvyn Muzungu']","['Lucas Perri', 'Corentin Tolisso', 'Alexandre Lacazette', 'Abner', 'Rayan Cherki', 'Moussa Niakhate', 'Sael Kumbedi', 'Thiago Almada', 'Nemanja Matić', 'Duje Ćaleta-Car', 'Georges Mikautadze', 'Rémy Descamps', 'Nicolás Tagliafico', 'Paul Akouokou', 'Jordan Veretout', 'Tanner Tessmann', 'Clinton Mata', 'Warmed Omari', 'Alejandro Rodriguez', 'Ainsley Maitland-Niles']",https://fbref.com/fr/matchs/bef8bbc1/Auxerre-Lyon-13-Avril-2025-Ligue-1
Ligue 1,Journée 30,2024/2025,18/04/2025,20:45,Abdelatif Kherradji,Roazhon Park,Rennes,Nantes,2,1,2.7,0.7,0.64,0.36,526,596,0.88,256,329,0.78,5,18,0.28,1,4,0.25,0,1,0.0,3,5,0.6,24,13,10,2,24,10,694,418,11,14,7,4,13,7,16,29,2,2,3,9,12,21,51,54,3,5,0,1,Habib Beye,Antoine Kombouaré,Adrien Truffert,Douglas,3-5-2,3-4-3,"['Brice Samba', 'Adrien Truffert', 'Lilian Brassier', 'Azor Matusiwa', 'Seko Fofana', 'Arnaud Kalimuendo', 'Musa Al-Taamari', 'Lorenz Assignon', 'Anthony Rouault', 'Djaoui Cissé', 'Jérémy Jacquet', 'Steve Mandanda', 'Christopher Wooh', 'Ludovic Blas', 'Jordan James', 'Kazeem Olaigbe', 'Carlos Gómez', 'Hans Hateboer', 'Mohamed Meité', 'Ismaël Koné']","['Anthony Lopes', 'Nicolas Cozza', 'Douglas', 'Jean-Charles Castelletto', 'Sorba Thomas', 'Moses Simon', 'Mostafa Mohamed', 'Matthis Abline', 'Nathan Zeze', 'Louis Leroux', 'Kelvin Amian', 'Patrik Carlgren', 'Nicolas Pallois', 'Pedro Chirivella', 'Johann Lepenant', 'Tino Kadewere', 'Marcus Coco', 'Meschak Elia', 'Florent Mollet', 'Bahereba Guirassy']",https://fbref.com/fr/matchs/6dc7499b/Rennes-Nantes-18-Avril-2025-Ligue-1
Ligue 1,Journée 30,2024/2025,19/04/2025,17:00,Mathieu Vernice,Parc des Princes,Paris Saint-Germain,Le Havre,2,1,3.0,0.5,0.7,0.3,756,827,0.91,275,350,0.79,11,18,0.61,1,9,0.11,0,1,0.0,9,11,0.81,7,10,7,3,15,19,916,455,14,24,6,18,7,7,15,21,1,0,9,5,20,9,55,52,0,0,0,0,Luis Enrique,Didier Digard,Achraf Hakimi,Abdoulaye Touré,3-4-3,4-3-3,"['Matvei Safonov', 'Achraf Hakimi', 'Gonçalo Ramos', 'Désiré Doué', 'Lee Kang-in', 'Lucas Hernández', 'Senny Mayulu', 'Bradley Barcola', 'Warren Zaïre-Emery', 'Lucas Beraldo', 'Ibrahim Mbaye', 'Gianluigi Donnarumma', 'Presnel Kimpembe', 'Marquinhos', 'Khvicha Kvaratskhelia', 'Fabián Ruiz Peña', 'Vitinha', 'Nuno Mendes', 'Noham Kamara', 'João Neves']","['Mathieu Gorgelin', 'Gautier Lloris', 'Etienne Youte Kinkoue', 'Loïc Nego', 'Josué Casimir', 'Junior Mwanga', 'Mahamadou Diawara', 'Issa Soumaré', 'Abdoulaye Touré', 'Fodé Ballo-Touré', 'Koka', 'Arthur Desmas', 'Yassine Kechta', 'Daler Kuzyaev', 'Rassoul Ndiaye', 'Antoine Joujou', 'André Ayew', 'Timothee Pembele', 'Stephan Zagadou', 'Ilyes Housni']",https://fbref.com/fr/matchs/8e397189/Paris-Saint-Germain-Le-Havre-19-Avril-2025-Ligue-1
Ligue 1,Journée 30,2024/2025,19/04/2025,19:00,Eric Wattellier,Stade Louis II,Monaco,Strasbourg,0,0,0.9,0.4,0.47,0.53,406,501,0.81,473,557,0.85,4,12,0.33,2,5,0.4,2,2,1.0,4,4,1.0,18,10,3,2,17,14,597,673,15,13,9,8,8,14,15,24,2,2,6,6,18,14,56,41,3,3,0,0,Adi Hütter,Liam Rosenior,Denis Zakaria,Habib Diarra,4-2-3-1,3-5-2,"['Philipp Köhn', 'Vanderson', 'Denis Zakaria', 'Maghnes Akliouche', 'Caio Henrique Oliveira Silva', 'Christian Mawissa', 'Mika Biereth', 'Lamine Camara', 'Wilfried Singo', 'Takumi Minamino', 'Breel Embolo', 'Radosław Majecki', 'Thilo Kehrer', 'Eliesse Ben Seghir', 'Folarin Balogun', 'Aleksandr Golovin', 'George Ilenikhena', 'Mohammed Salisu', 'Krépin Diatta', 'Soungoutou Magassa']","['Đorđe Petrović', 'Andrew Omobamidele', 'Diego Moreira', 'Andrey Santos', 'Emanuel Emegha', 'Habib Diarra', 'Guela Doué', 'Mamadou Sarr', 'Dilane Bakwa', 'Ismaël Doukouré', 'Valentín Barco', 'Karl-Johan Johnsson', 'Abakar Sylla', 'Félix Lemaréchal', 'Sekou Mara', 'Sebastian Nanasi', 'Samuel Amo-Ameyaw', 'Samir El Mourabet', 'Guimissongui Ouattara', 'Eduard Sobol']",https://fbref.com/fr/matchs/bdddd15d/Monaco-Strasbourg-19-Avril-2025-Ligue-1
Ligue 1,Journée 30,2024/2025,19/04/2025,21:05,Jérôme Brisard,Orange Vélodrome,Marseille,Montpellier,5,1,3.7,0.3,0.68,0.32,714,784,0.91,305,373,0.82,6,17,0.35,1,6,0.17,0,1,0.0,3,6,0.5,11,11,7,2,26,6,880,484,22,22,9,11,1,2,10,28,2,3,3,8,26,12,38,51,2,2,0,0,Roberto De Zerbi,Zoumana Camara,Pierre Højbjerg,Benjamin Lecomte,3-4-3,5-4-1,"['Gerónimo Rulli', 'Quentin Merlin', 'Ulisses Garcia', 'Amine Gouiri', 'Mason Greenwood', 'Geoffrey Kondogbia', 'Valentin Rongier', 'Pierre Højbjerg', 'Adrien Rabiot', 'Luis Henrique', 'Michael Amir Murillo', 'Jeffrey De Lange', 'Neal Maupay', 'Amine Harit', 'Derek Cornelius', 'Faris Pemi Moumbagna', 'Jon Rowe', 'Ismaël Bennacer', 'Bilal Nadir', 'Pol Lirola']","['Benjamin Lecomte', 'Jordan Ferri', 'Théo Sainte-Luce', 'Nicolas Pays', 'Rabby Nzingoula', 'Lucas Mincarelli', 'Becir Omeragic', 'Junior Ndiaye', 'Yael Mouanga', 'Wilfried Ndollo', 'Tanguy Coulibaly', 'Dimitry Bertaud', 'Issiaga Sylla', 'Boubakar Kouyaté', 'Wahbi Khazri', 'Téji Savanier', 'Joris Chotard', 'Othmane Maamma', 'Khalil Fayad', 'Falaye Sacko']",https://fbref.com/fr/matchs/5a01308b/Marseille-Montpellier-19-Avril-2025-Ligue-1
Ligue 1,Journée 30,2024/2025,20/04/2025,15:00,Thomas Léonard,Decathlon Arena - Stade Pierre-Mauroy,Lille,Auxerre,3,1,2.0,0.3,0.56,0.44,495,577,0.86,364,453,0.8,9,15,0.6,2,6,0.33,2,2,1.0,6,9,0.66,8,13,8,4,13,20,698,556,27,12,10,12,9,7,31,22,2,2,4,7,11,29,55,59,1,2,0,0,Bruno Génésio,Christophe Pélissier,Benjamin André,Jubal,4-4-2,5-4-1,"['Lucas Chevalier', 'Alexsandro Ribeiro', 'Hákon Arnar Haraldsson', 'Jonathan David', 'Thomas Meunier', 'Bafodé Diakité', 'Matias Fernandez-Pardo', 'Benjamin André', 'Chuba Akpom', 'André Gomes', 'Ismaily', 'Vito Mannone', 'Aïssa Mandi', 'Gabriel Gudmundsson', 'Nabil Bentaleb', 'Osame Sahraoui', ""Ngal'Ayel Mukau"", 'Mitchel Bakker', 'Ethan Mbappé', 'Ayyoub Bouaddi']","['Donovan Léon', 'Jubal', 'Theo Bair', 'Gaëtan Perrin', 'Gideon Mensah', 'Lassine Sinayoko', 'Assane Dioussé', 'Sinaly Diomande', 'Ki-Jana Hoever', 'Han-Noah Massengo', 'Clément Akpa', 'Théo De Percin', 'Telli Siwe', 'Yoann Cissé', 'Florian Ayé', ""Loïc N'Gatta"", 'Paul Joly', 'Rudy Matondo', 'Ado Onaiwu', 'Aristide Zossou']",https://fbref.com/fr/matchs/dfc19892/Lille-Auxerre-20-Avril-2025-Ligue-1
Ligue 1,Journée 30,2024/2025,20/04/2025,17:15,Benoît Millot,Stade Francis-Le Blé,Brest,Lens,1,3,1.0,2.2,0.44,0.56,339,424,0.8,454,532,0.85,5,11,0.45,7,16,0.44,5,7,0.71,4,5,0.8,11,11,7,6,19,16,539,661,16,11,10,3,16,13,21,28,0,2,4,5,16,16,71,65,0,0,1,0,Eric Roy,Will Still,Brendan Chardonnet,Florian Sotoca,4-3-3,3-4-3,"['Marco Bizot', 'Abdoulaye Niakhate Ndiaye', 'Brendan Chardonnet', 'Edimilson Fernandes', 'Hugo Magnetti', 'Abdallah Sima', 'Ludovic Ajorque', 'Pierre Lees-Melou', 'Massadio Haïdara', 'Mathias Pereira Lage', 'Mahdi Camara', 'Grégoire Coudert', 'Kamory Doumbia', 'Romain Del Castillo', 'Luc Zogbé', 'Mama Samba Baldé', 'Romain Faivre', 'Julien Le Cardinal', 'Jonas Martin', 'Hamidou Makalou']","['Mathew Ryan', 'Ruben Aguilar', 'Florian Sotoca', 'Facundo Medina', 'Andy Diouf', 'Goduine Koyalipou', 'Malang Sarr', 'Anass Zaroury', 'Neil El Aynaoui', 'Jonathan Gradit', 'Adrien Thomasson', 'Adam Delplace', 'Nidal Celik', 'Angelo Fulgini', 'Hamzat Ojediran', 'Wesley Saïd', 'Jeremy Agbonifo', 'Nampalys Mendy', 'Kyllian Antonio', 'Tom Pouilly']",https://fbref.com/fr/matchs/1e5241b4/Brest-Lens-20-Avril-2025-Ligue-1
Ligue 1,Journée 30,2024/2025,20/04/2025,17:15,Jeremy Stinat,Allianz Riviera,Nice,Angers,2,1,2.8,0.4,0.53,0.47,507,581,0.87,426,520,0.82,8,22,0.36,3,6,0.5,2,3,0.66,6,8,0.75,10,8,4,2,22,19,685,608,13,16,10,9,14,13,18,23,2,2,4,11,6,11,35,70,1,1,0,0,Franck Haise,Alexandre Dujeux,Youssouf Ndayishimiye,Himad Abdelli,3-4-3,5-3-2,"['Marcin Bułka', 'Ali Abdi', 'Mohamed Abdelmoneim', 'Hicham Boudaoui', 'Jeremie Boga', 'Pablo Rosario', 'Badredine Bouanani', 'Gaëtan Laborde', 'Melvin Bard', 'Youssouf Ndayishimiye', 'Jonathan Clauss', 'Maxime Dupé', 'Terem Moffi', 'Sofiane Diop', 'Morgan Sanson', 'Tom Louchet', 'Mohamed Ali Cho', 'Baptiste Santamaria', 'Evann Guessand', 'Antoine Mendy']","['Yahia Fofana', 'Jacques Ekomie', 'Himad Abdelli', 'Zinédine Ould Khaled', 'Yassin Belkhdim', 'Esteban Lepaul', 'Jordan Lefort', 'Abdoulaye Bamba', 'Florent Hanin', 'Lilian Raolisoa', 'Farid El Melali', 'Melvin Zinga', 'Carlens Arcus', 'Marius Courcoul', 'Jean-Eudes Aholou', 'Ibrahima Niane', 'Justin-Noël Kalumba', 'Jim Allevinah', 'Zinedine Ferhat', 'Ousmane Camara']",https://fbref.com/fr/matchs/44e5cf44/Nice-Angers-20-Avril-2025-Ligue-1
Ligue 1,Journée 30,2024/2025,20/04/2025,17:15,Marc Bollengier,Stade Auguste-Delaune,Reims,Toulouse,1,0,0.7,1.3,0.52,0.48,468,540,0.87,391,493,0.79,2,8,0.25,5,18,0.28,5,5,1.0,1,2,0.5,11,12,0,9,10,28,667,576,12,11,8,6,16,14,48,13,3,2,7,7,14,11,44,62,1,0,0,1,Samba Diawara,Carles Martínez,Yehvann Diouf,Vincent Sierro,5-4-1,3-4-3,"['Yehvann Diouf', 'Hiroki Sekine', 'Valentin Atangana Edoa', 'Junya Ito', 'Jordan Pefok', 'Keito Nakamura', 'Sergio Akieme', 'Cédric Kipré', 'Aurélio Buta', 'Nhoa Sangui', 'Amadou Koné', 'Alexandre Olliero', 'Teddy Teuma', 'Gabriel Moscardo', 'Oumar Diakité', 'John Joe', 'Malcolm Jeng', 'Mamadou Diakhon', 'Hafiz Ibrahim', 'Ange Martial Tia']","['Guillaume Restes', 'Mark McKenzie', 'Charlie Cresswell', 'Vincent Sierro', 'Frank Magri', 'Yann Gboho', 'Joshua King', 'Aron Dønnum', 'Gabriel Suazo', 'Djibril Sidibé', 'Cristian Cásseres Jr.', 'Kjetil Haug', 'Ümit Akdag', 'Zakaria Aboukhlal', 'Waren Kamanzi', 'Miha Zajc', 'Rafik Messali', 'Jaydee Canvot', 'Noah Edjouma', 'Shavy Babicka']",https://fbref.com/fr/matchs/86146582/Reims-Toulouse-20-Avril-2025-Ligue-1
Ligue 1,Journée 30,2024/2025,20/04/2025,20:45,François Letexier,Stade Geoffroy-Guichard,Saint-Étienne,Lyon,2,1,1.6,0.8,0.4,0.6,328,403,0.81,512,593,0.86,6,18,0.33,2,14,0.14,1,2,0.5,4,6,0.66,12,13,8,6,14,20,521,694,14,15,11,9,9,7,30,22,2,3,4,8,14,24,53,62,3,4,0,0,Eirik Horneland,Paulo Fonseca,Gautier Larsonneur,Alexandre Lacazette,4-3-3,4-2-2-2,"['Gautier Larsonneur', 'Mickael Nade', 'Pierre Ekwah Elimby', 'Irvin Cardona', 'Dennis Appiah', 'Florian Tardieu', 'Maxime Bernauer', 'Léo Pétrot', 'Zuriko Davitashvili', 'Aimen Moueffek', 'Lucas Stassin', 'Brice Maubleu', 'Yunis Abdelhamid', 'Ibrahim Sissoko', 'Ben Old', 'Louis Mouton', 'Dylan Batubinsika', 'Ibrahima Wadji', 'Lamine Fomba', ""Djylian N'Guessan""]","['Rémy Descamps', 'Jordan Veretout', 'Corentin Tolisso', 'Alexandre Lacazette', 'Tanner Tessmann', 'Abner', 'Rayan Cherki', 'Moussa Niakhate', 'Sael Kumbedi', 'Duje Ćaleta-Car', 'Georges Mikautadze', 'Lassine Diarra', 'Nicolás Tagliafico', 'Paul Akouokou', 'Malick Fofana', 'Clinton Mata', 'Thiago Almada', 'Warmed Omari', 'Alejandro Rodriguez', 'Ainsley Maitland-Niles']",https://fbref.com/fr/matchs/19228d4a/Saint-Etienne-Lyon-20-Avril-2025-Ligue-1
Ligue 1,Journée 29,2024/2025,22/04/2025,20:45,Jérémie Pignard,Stade de la Beaujoire - Louis Fonteneau,Nantes,Paris Saint-Germain,1,1,0.5,1.6,0.26,0.74,219,307,0.71,807,875,0.92,2,8,0.25,5,10,0.5,4,5,0.8,1,2,0.5,5,9,4,4,15,14,408,994,18,18,11,4,6,12,21,27,1,1,8,3,21,16,43,43,2,0,0,0,Antoine Kombouaré,Luis Enrique,Pedro Chirivella,Marquinhos,5-3-2,4-3-3,"['Patrik Carlgren', 'Nicolas Cozza', 'Nicolas Pallois', 'Pedro Chirivella', 'Douglas', 'Johann Lepenant', 'Jean-Charles Castelletto', 'Moses Simon', 'Matthis Abline', 'Nathan Zeze', 'Kelvin Amian', 'Alban Lafont', 'Tino Kadewere', 'Meschak Elia', 'Fabien Centonze', 'Saidou Sow', 'Florent Mollet', 'Mostafa Mohamed', 'Bahereba Guirassy', 'Louis Leroux']","['Gianluigi Donnarumma', 'Marquinhos', 'Khvicha Kvaratskhelia', 'Fabián Ruiz Peña', 'Ousmane Dembélé', 'Vitinha', 'Lee Kang-in', 'Nuno Mendes', 'Warren Zaïre-Emery', 'Lucas Beraldo', 'João Neves', 'Matvei Safonov', 'Presnel Kimpembe', 'Gonçalo Ramos', 'Désiré Doué', 'Lucas Hernández', 'Senny Mayulu', 'Bradley Barcola', 'Ibrahim Mbaye', 'Willian Pacho']",https://fbref.com/fr/matchs/170d66ea/Nantes-Paris-Saint-Germain-22-Avril-2025-Ligue-1
Ligue 1,Journée 31,2024/2025,25/04/2025,20:45,Willy Delajod,Parc des Princes,Paris Saint-Germain,Nice,1,3,3.0,1.0,0.75,0.25,747,830,0.9,206,270,0.76,13,32,0.41,3,7,0.43,0,3,0.0,12,13,0.92,9,11,17,0,29,4,942,420,17,19,4,14,5,7,4,33,0,2,2,11,19,12,52,45,3,1,0,0,Luis Enrique,Franck Haise,Marquinhos,Youssouf Ndayishimiye,4-3-3,3-5-2,"['Gianluigi Donnarumma', 'Achraf Hakimi', 'Marquinhos', 'Khvicha Kvaratskhelia', 'Fabián Ruiz Peña', 'Ousmane Dembélé', 'Désiré Doué', 'Vitinha', 'Nuno Mendes', 'Willian Pacho', 'João Neves', 'Matvei Safonov', 'Presnel Kimpembe', 'Gonçalo Ramos', 'Lee Kang-in', 'Lucas Hernández', 'Senny Mayulu', 'Bradley Barcola', 'Warren Zaïre-Emery', 'Lucas Beraldo']","['Marcin Bułka', 'Ali Abdi', 'Mohamed Abdelmoneim', 'Hicham Boudaoui', 'Pablo Rosario', 'Morgan Sanson', 'Badredine Bouanani', 'Gaëtan Laborde', 'Melvin Bard', 'Youssouf Ndayishimiye', 'Jonathan Clauss', 'Maxime Dupé', 'Jeremie Boga', 'Terem Moffi', 'Sofiane Diop', 'Tom Louchet', 'Mohamed Ali Cho', 'Baptiste Santamaria', 'Evann Guessand', 'Antoine Mendy']",https://fbref.com/fr/matchs/ae345c9c/Paris-Saint-Germain-Nice-25-Avril-2025-Ligue-1
Ligue 1,Journée 31,2024/2025,26/04/2025,17:00,Benoît Bastien,Stade de la Meinau,Strasbourg,Saint-Étienne,3,1,2.7,2.1,0.51,0.49,541,613,0.88,501,581,0.86,7,18,0.39,6,17,0.35,5,6,0.83,4,7,0.57,10,7,5,8,22,16,732,684,20,15,4,5,7,5,21,20,2,1,5,7,19,17,47,62,1,0,0,0,Liam Rosenior,Eirik Horneland,Andrey Santos,Gautier Larsonneur,3-4-3,4-3-3,"['Đorđe Petrović', 'Andrew Omobamidele', 'Félix Lemaréchal', 'Diego Moreira', 'Andrey Santos', 'Emanuel Emegha', 'Sebastian Nanasi', 'Mamadou Sarr', 'Dilane Bakwa', 'Ismaël Doukouré', 'Valentín Barco', 'Karl-Johan Johnsson', 'Abakar Sylla', 'Sekou Mara', 'Habib Diarra', 'Guela Doué', 'Samuel Amo-Ameyaw', 'Samir El Mourabet', 'Guimissongui Ouattara', 'Eduard Sobol']","['Gautier Larsonneur', 'Mickael Nade', 'Pierre Ekwah Elimby', 'Irvin Cardona', 'Dennis Appiah', 'Florian Tardieu', 'Maxime Bernauer', 'Léo Pétrot', 'Zuriko Davitashvili', 'Aimen Moueffek', 'Lucas Stassin', 'Brice Maubleu', 'Yunis Abdelhamid', 'Ibrahim Sissoko', 'Ben Old', 'Louis Mouton', 'Anthony Briançon', 'Ibrahima Wadji', 'Lamine Fomba', 'Yvann Macon']",https://fbref.com/fr/matchs/ca1e1dc1/Strasbourg-Saint-Etienne-26-Avril-2025-Ligue-1
Ligue 1,Journée 31,2024/2025,26/04/2025,19:00,Clément Turpin,Stade Océane,Le Havre,Monaco,1,1,0.5,2.9,0.39,0.61,273,365,0.75,465,576,0.81,3,9,0.33,7,20,0.35,6,7,0.85,2,3,0.66,12,13,3,6,15,32,499,685,18,19,14,6,19,18,48,18,0,2,14,4,15,27,64,53,1,0,0,0,Didier Digard,Adi Hütter,Abdoulaye Touré,Denis Zakaria,4-2-3-1,4-4-2,"['Mathieu Gorgelin', 'Gautier Lloris', 'Etienne Youte Kinkoue', 'Loïc Nego', 'Yassine Kechta', 'Josué Casimir', 'Junior Mwanga', 'Issa Soumaré', 'Abdoulaye Touré', 'Fodé Ballo-Touré', 'Koka', 'Arthur Desmas', 'Daler Kuzyaev', 'Rassoul Ndiaye', 'Antoine Joujou', 'Alois Confais', 'André Ayew', 'Timothee Pembele', 'Hernani Mendes', 'Mahamadou Diawara']","['Philipp Köhn', 'Vanderson', 'Thilo Kehrer', 'Denis Zakaria', 'Eliesse Ben Seghir', 'Maghnes Akliouche', 'Caio Henrique Oliveira Silva', 'Mika Biereth', 'Lamine Camara', 'Wilfried Singo', 'Breel Embolo', 'Radosław Majecki', 'Jordan Teze', 'Almoatasem Al Musrati', 'Folarin Balogun', 'Christian Mawissa', 'Takumi Minamino', 'Mohammed Salisu', 'Krépin Diatta', 'Soungoutou Magassa']",https://fbref.com/fr/matchs/6ec53da1/Le-Havre-Monaco-26-Avril-2025-Ligue-1
Ligue 1,Journée 31,2024/2025,26/04/2025,21:05,Marc Bollengier,Groupama Stadium,Lyon,Rennes,4,1,1.8,0.8,0.53,0.47,467,532,0.88,399,466,0.86,8,14,0.57,4,10,0.4,3,4,0.75,4,8,0.5,12,8,7,2,9,10,615,542,12,7,11,4,4,8,15,13,7,2,7,3,14,19,39,48,0,0,0,0,Paulo Fonseca,Habib Beye,Alexandre Lacazette,Adrien Truffert,4-2-3-1,3-5-2,"['Lucas Perri', 'Nicolás Tagliafico', 'Corentin Tolisso', 'Alexandre Lacazette', 'Malick Fofana', 'Rayan Cherki', 'Moussa Niakhate', 'Clinton Mata', 'Thiago Almada', 'Nemanja Matić', 'Ainsley Maitland-Niles', 'Rémy Descamps', 'Paul Akouokou', 'Jordan Veretout', 'Tanner Tessmann', 'Abner', 'Sael Kumbedi', 'Enzo Molebe', 'Duje Ćaleta-Car', 'Georges Mikautadze']","['Brice Samba', 'Adrien Truffert', 'Lilian Brassier', 'Azor Matusiwa', 'Seko Fofana', 'Arnaud Kalimuendo', 'Musa Al-Taamari', 'Lorenz Assignon', 'Anthony Rouault', 'Djaoui Cissé', 'Jérémy Jacquet', 'Steve Mandanda', 'Christopher Wooh', 'Ludovic Blas', 'Jordan James', 'Kazeem Olaigbe', 'Carlos Gómez', 'Hans Hateboer', 'Mohamed Meité', 'Ismaël Koné']",https://fbref.com/fr/matchs/5f2584e1/Lyon-Rennes-26-Avril-2025-Ligue-1
Ligue 1,Journée 31,2024/2025,27/04/2025,15:00,Hakim Ben El Hadj Salem,Stade Raymond Kopa,Angers,Lille,0,2,0.7,1.4,0.37,0.63,260,349,0.74,507,589,0.86,3,6,0.5,5,9,0.56,3,5,0.6,3,3,1.0,17,10,7,2,22,10,443,682,21,17,10,4,8,12,24,24,0,0,6,8,18,24,66,64,1,6,0,1,Alexandre Dujeux,Bruno Génésio,Himad Abdelli,Benjamin André,4-2-3-1,4-4-2,"['Yahia Fofana', 'Carlens Arcus', 'Himad Abdelli', 'Zinédine Ould Khaled', 'Yassin Belkhdim', 'Jim Allevinah', 'Esteban Lepaul', 'Zinedine Ferhat', 'Jordan Lefort', 'Abdoulaye Bamba', 'Florent Hanin', 'Melvin Zinga', 'Jacques Ekomie', 'Marius Courcoul', 'Lilian Raolisoa', 'Farid El Melali', 'Ousmane Camara', 'Amine Moussaoui', 'Prosper Peter', 'Enzo Caumont']","['Lucas Chevalier', 'Alexsandro Ribeiro', 'Hákon Arnar Haraldsson', 'Jonathan David', 'Thomas Meunier', 'Bafodé Diakité', 'Matias Fernandez-Pardo', 'Benjamin André', 'Chuba Akpom', 'André Gomes', 'Ismaily', 'Vito Mannone', 'Aïssa Mandi', 'Gabriel Gudmundsson', 'Nabil Bentaleb', 'Osame Sahraoui', ""Ngal'Ayel Mukau"", 'Mitchel Bakker', 'Ethan Mbappé', 'Ayyoub Bouaddi']",https://fbref.com/fr/matchs/af631621/Angers-Lille-27-Avril-2025-Ligue-1
Ligue 1,Journée 31,2024/2025,27/04/2025,17:15,Mathieu Vernice,Stade Bollaert-Delelis,Lens,Auxerre,0,4,1.4,2.6,0.65,0.35,595,713,0.83,295,379,0.78,5,16,0.31,8,12,0.67,4,8,0.5,5,5,1.0,12,13,8,1,30,8,816,524,21,15,4,13,4,14,9,39,1,0,4,9,21,17,45,60,4,4,1,0,Will Still,Christophe Pélissier,Jonathan Gradit,Jubal,3-4-3,5-4-1,"['Mathew Ryan', 'Ruben Aguilar', 'Deiver Machado', 'Andy Diouf', 'Goduine Koyalipou', 'Malang Sarr', 'Anass Zaroury', 'Neil El Aynaoui', 'Jonathan Gradit', 'Juma Bah', 'Adrien Thomasson', 'Hervé Koffi', 'Nidal Celik', 'Florian Sotoca', 'Angelo Fulgini', 'Wesley Saïd', 'Jeremy Agbonifo', 'Nampalys Mendy', 'Kyllian Antonio', 'Tom Pouilly']","['Donovan Léon', 'Jubal', 'Gaëtan Perrin', 'Gideon Mensah', 'Lassine Sinayoko', 'Assane Dioussé', 'Sinaly Diomande', 'Ki-Jana Hoever', 'Ado Onaiwu', 'Han-Noah Massengo', 'Clément Akpa', 'Théo De Percin', 'Theo Bair', 'Eros Maddy', 'Fredrik Oppegard', 'Telli Siwe', 'Yoann Cissé', 'Florian Ayé', 'Paul Joly', 'Rudy Matondo']",https://fbref.com/fr/matchs/0745c59f/Lens-Auxerre-27-Avril-2025-Ligue-1
Ligue 1,Journée 31,2024/2025,27/04/2025,17:15,Jérémie Pignard,Stade de la Mosson-Mondial 98,Montpellier,Reims,0,0,0.6,0.7,0.53,0.47,482,563,0.86,421,501,0.84,2,12,0.17,3,8,0.38,3,3,1.0,2,2,1.0,17,13,5,5,14,16,658,604,26,12,11,7,12,10,20,19,1,2,8,5,13,26,50,54,3,3,0,0,Zoumana Camara,Samba Diawara,Benjamin Lecomte,Yehvann Diouf,5-4-1,5-4-1,"['Benjamin Lecomte', 'Jordan Ferri', 'Théo Sainte-Luce', 'Rabby Nzingoula', 'Lucas Mincarelli', 'Khalil Fayad', 'Becir Omeragic', 'Junior Ndiaye', 'Yael Mouanga', 'Wilfried Ndollo', 'Tanguy Coulibaly', 'Dimitry Bertaud', 'Bamo Meïté', 'Boubakar Kouyaté', 'Wahbi Khazri', 'Téji Savanier', 'Joris Chotard', 'Falaye Sacko']","['Yehvann Diouf', 'Joseph Okumu', 'Valentin Atangana Edoa', 'Junya Ito', 'Jordan Pefok', 'Keito Nakamura', 'Sergio Akieme', 'Cédric Kipré', 'Aurélio Buta', 'Mory Gbane', 'Amadou Koné', 'Alexandre Olliero', 'Hiroki Sekine', 'Gabriel Moscardo', 'Oumar Diakité', 'John Joe', 'Nhoa Sangui', 'Mamadou Diakhon', 'Hafiz Ibrahim', 'Ange Martial Tia']",https://fbref.com/fr/matchs/6ff732c6/Montpellier-Reims-27-Avril-2025-Ligue-1
Ligue 1,Journée 31,2024/2025,27/04/2025,17:15,Florent Batta,Stade de la Beaujoire - Louis Fonteneau,Nantes,Toulouse,0,0,1.1,0.4,0.59,0.41,496,571,0.87,306,405,0.76,3,11,0.27,2,6,0.33,2,2,1.0,3,3,1.0,13,11,3,5,28,16,686,493,16,10,8,7,21,10,31,21,0,0,3,9,19,28,53,76,2,3,0,1,Antoine Kombouaré,Carles Martínez,Pedro Chirivella,Vincent Sierro,5-3-2,3-4-3,"['Anthony Lopes', 'Nicolas Cozza', 'Nicolas Pallois', 'Pedro Chirivella', 'Douglas', 'Johann Lepenant', 'Jean-Charles Castelletto', 'Moses Simon', 'Matthis Abline', 'Nathan Zeze', 'Kelvin Amian', 'Patrik Carlgren', 'Tino Kadewere', 'Meschak Elia', 'Fabien Centonze', 'Florent Mollet', 'Mostafa Mohamed', 'Dehmaine Assoumani', 'Bahereba Guirassy', 'Louis Leroux']","['Guillaume Restes', 'Charlie Cresswell', 'Vincent Sierro', 'Frank Magri', 'Joshua King', 'Aron Dønnum', 'Gabriel Suazo', 'Djibril Sidibé', 'Cristian Cásseres Jr.', 'Jaydee Canvot', 'Noah Edjouma', 'Kjetil Haug', 'Yann Gboho', 'Waren Kamanzi', 'Miha Zajc', 'Rafik Messali', 'Dayann Methalie', 'Mathis Saka', 'Shavy Babicka']",https://fbref.com/fr/matchs/94a42dc1/Nantes-Toulouse-27-Avril-2025-Ligue-1
Ligue 1,Journée 31,2024/2025,27/04/2025,20:45,Stéphanie Frappart,Orange Vélodrome,Marseille,Brest,4,1,0.9,1.2,0.54,0.46,465,535,0.87,371,451,0.82,6,11,0.55,4,9,0.44,3,4,0.75,3,6,0.5,14,16,4,3,13,13,635,548,8,16,10,12,12,9,26,14,1,1,7,5,16,16,42,52,1,4,0,0,Roberto De Zerbi,Eric Roy,Leonardo Balerdi,Brendan Chardonnet,4-2-3-1,4-2-3-1,"['Gerónimo Rulli', 'Leonardo Balerdi', 'Ulisses Garcia', 'Amine Gouiri', 'Mason Greenwood', 'Geoffrey Kondogbia', 'Valentin Rongier', 'Pierre Højbjerg', 'Adrien Rabiot', 'Luis Henrique', 'Michael Amir Murillo', 'Jeffrey De Lange', 'Quentin Merlin', 'Neal Maupay', 'Amine Harit', 'Derek Cornelius', 'Faris Pemi Moumbagna', 'Jon Rowe', 'Ismaël Bennacer', 'Amar Dedić']","['Grégoire Coudert', 'Brendan Chardonnet', 'Kenny Lala', 'Hugo Magnetti', 'Abdallah Sima', 'Ludovic Ajorque', 'Pierre Lees-Melou', 'Massadio Haïdara', 'Julien Le Cardinal', 'Mathias Pereira Lage', 'Mahdi Camara', 'Noah Jauny', 'Edimilson Fernandes', 'Kamory Doumbia', 'Romain Del Castillo', 'Luc Zogbé', 'Mama Samba Baldé', 'Jonas Martin', 'Hamidou Makalou', 'Raphael Le Guen']",https://fbref.com/fr/matchs/d0c58dd5/Marseille-Brest-27-Avril-2025-Ligue-1
Ligue 1,Journée 32,2024/2025,02/05/2025,20:45,Abdelatif Kherradji,Allianz Riviera,Nice,Reims,1,0,1.5,1.3,0.55,0.45,418,524,0.8,342,434,0.79,2,8,0.25,3,16,0.19,3,3,1.0,1,2,0.5,14,21,5,3,20,15,624,544,15,11,10,10,12,16,20,35,0,2,7,6,18,18,59,47,2,2,0,0,Franck Haise,Samba Diawara,Pablo Rosario,Yehvann Diouf,3-5-2,5-4-1,"['Marcin Bułka', 'Ali Abdi', 'Hicham Boudaoui', 'Pablo Rosario', 'Morgan Sanson', 'Badredine Bouanani', 'Gaëtan Laborde', 'Melvin Bard', 'Antoine Mendy', 'Moïse Bombito', 'Jonathan Clauss', 'Maxime Dupé', 'Dante', 'Jeremie Boga', 'Terem Moffi', 'Sofiane Diop', 'Tom Louchet', 'Mohamed Ali Cho', 'Baptiste Santamaria', 'Evann Guessand']","['Yehvann Diouf', 'Joseph Okumu', 'Valentin Atangana Edoa', 'Jordan Pefok', 'Keito Nakamura', 'Sergio Akieme', 'Cédric Kipré', 'Aurélio Buta', 'Mory Gbane', 'Amadou Koné', 'Ange Martial Tia', 'Alexandre Olliero', 'Hiroki Sekine', 'Gabriel Moscardo', 'Oumar Diakité', 'John Joe', 'Malcolm Jeng', 'Nhoa Sangui', 'Mamadou Diakhon', 'Hafiz Ibrahim']",https://fbref.com/fr/matchs/2e39c335/Nice-Reims-2-Mai-2025-Ligue-1
Ligue 1,Journée 32,2024/2025,03/05/2025,17:00,Hakim Ben El Hadj Salem,Stade de la Meinau,Strasbourg,Paris Saint-Germain,2,1,0.8,1.7,0.37,0.64,284,365,0.78,571,635,0.9,2,9,0.22,4,20,0.2,3,4,0.75,1,2,0.5,14,13,6,2,14,11,477,736,20,14,10,7,7,13,23,13,4,3,9,3,12,20,52,35,1,2,0,0,Liam Rosenior,Luis Enrique,Habib Diarra,Warren Zaïre-Emery,3-4-3,3-4-3,"['Đorđe Petrović', 'Félix Lemaréchal', 'Diego Moreira', 'Andrey Santos', 'Emanuel Emegha', 'Habib Diarra', 'Guela Doué', 'Mamadou Sarr', 'Dilane Bakwa', 'Ismaël Doukouré', 'Valentín Barco', 'Karl-Johan Johnsson', 'Andrew Omobamidele', 'Abakar Sylla', 'Sekou Mara', 'Sebastian Nanasi', 'Samuel Amo-Ameyaw', 'Samir El Mourabet', 'Guimissongui Ouattara', 'Eduard Sobol']","['Matvei Safonov', 'Gonçalo Ramos', 'Lee Kang-in', 'Lucas Hernández', 'Senny Mayulu', 'Bradley Barcola', 'Warren Zaïre-Emery', 'Lucas Beraldo', 'Axel Tapé', 'Ibrahim Mbaye', 'João Neves', 'Louis Mouquet', 'Arnau Tenas', 'Khvicha Kvaratskhelia', 'Fabián Ruiz Peña', 'Désiré Doué', 'Vitinha', 'Noham Kamara', 'Willian Pacho']",https://fbref.com/fr/matchs/d9c56744/Strasbourg-Paris-Saint-Germain-3-Mai-2025-Ligue-1
Ligue 1,Journée 32,2024/2025,03/05/2025,19:00,Benoît Millot,Stadium de Toulouse,Toulouse,Rennes,2,1,0.7,1.4,0.39,0.61,277,347,0.8,472,540,0.87,3,9,0.33,6,15,0.4,5,6,0.83,1,3,0.33,7,15,6,5,13,23,456,644,20,25,5,2,12,11,25,21,3,1,9,8,23,15,64,41,2,2,0,0,Carles Martínez,Habib Beye,Vincent Sierro,Adrien Truffert,3-4-3,3-4-3,"['Guillaume Restes', 'Charlie Cresswell', 'Vincent Sierro', 'Frank Magri', 'Yann Gboho', 'Waren Kamanzi', 'Joshua King', 'Aron Dønnum', 'Djibril Sidibé', 'Cristian Cásseres Jr.', 'Jaydee Canvot', 'Kjetil Haug', 'Justin Lacombe', 'Ümit Akdag', 'Miha Zajc', 'Rafik Messali', 'Dayann Methalie', 'Ilyas Azizi', 'Edhy Zuliani', 'Mathis Saka']","['Brice Samba', 'Adrien Truffert', 'Christopher Wooh', 'Lilian Brassier', 'Ludovic Blas', 'Jordan James', 'Kazeem Olaigbe', 'Lorenz Assignon', 'Anthony Rouault', 'Djaoui Cissé', 'Mohamed Meité', 'Steve Mandanda', 'Azor Matusiwa', 'Seko Fofana', 'Arnaud Kalimuendo', 'Musa Al-Taamari', 'Mikayil Ngor Faye', 'Carlos Gómez', 'Hans Hateboer', 'Ismaël Koné']",https://fbref.com/fr/matchs/ffb99c84/Toulouse-Rennes-3-Mai-2025-Ligue-1
Ligue 1,Journée 32,2024/2025,03/05/2025,21:05,Jérôme Brisard,Stade Geoffroy-Guichard,Saint-Étienne,Monaco,1,3,0.6,2.0,0.59,0.41,449,552,0.81,283,382,0.74,1,11,0.09,6,12,0.5,3,6,0.5,0,1,0.0,15,12,6,5,13,13,661,499,16,21,7,12,15,9,22,22,2,3,11,10,25,25,65,73,0,0,0,0,Eirik Horneland,Adi Hütter,Gautier Larsonneur,Denis Zakaria,4-3-3,4-4-2,"['Gautier Larsonneur', 'Mickael Nade', 'Pierre Ekwah Elimby', 'Irvin Cardona', 'Dennis Appiah', 'Florian Tardieu', 'Maxime Bernauer', 'Léo Pétrot', 'Zuriko Davitashvili', 'Aimen Moueffek', ""Djylian N'Guessan"", 'Brice Maubleu', 'Yunis Abdelhamid', 'Ibrahim Sissoko', 'Ben Old', 'Louis Mouton', 'Dylan Batubinsika', 'Ibrahima Wadji', 'Lamine Fomba', 'Yvann Macon']","['Philipp Köhn', 'Jordan Teze', 'Denis Zakaria', 'Folarin Balogun', 'Maghnes Akliouche', 'Caio Henrique Oliveira Silva', 'Christian Mawissa', 'Mika Biereth', 'Wilfried Singo', 'Takumi Minamino', 'Soungoutou Magassa', 'Radosław Majecki', 'Vanderson', 'Eliesse Ben Seghir', 'Almoatasem Al Musrati', 'Kassoum Ouattara', 'George Ilenikhena', 'Mohammed Salisu', 'Krépin Diatta', 'Breel Embolo']",https://fbref.com/fr/matchs/4e6718ec/Saint-Etienne-Monaco-3-Mai-2025-Ligue-1
Ligue 1,Journée 32,2024/2025,04/05/2025,15:00,Thomas Léonard,Stade de la Beaujoire - Louis Fonteneau,Nantes,Angers,0,1,0.5,1.1,0.58,0.42,473,576,0.82,337,425,0.79,3,8,0.38,2,14,0.14,1,2,0.5,3,3,1.0,12,16,4,6,26,17,689,564,19,16,4,9,20,11,28,43,1,3,12,8,20,19,62,60,2,3,0,0,Antoine Kombouaré,Alexandre Dujeux,Pedro Chirivella,Himad Abdelli,4-3-3,4-4-1-1,"['Anthony Lopes', 'Pedro Chirivella', 'Johann Lepenant', 'Fabien Centonze', 'Jean-Charles Castelletto', 'Moses Simon', 'Mostafa Mohamed', 'Matthis Abline', 'Nathan Zeze', 'Louis Leroux', 'Kelvin Amian', 'Patrik Carlgren', 'Nicolas Cozza', 'Nicolas Pallois', 'Tino Kadewere', 'Francis Coquelin', 'Sorba Thomas', 'Florent Mollet', 'Dehmaine Assoumani', 'Bahereba Guirassy']","['Yahia Fofana', 'Carlens Arcus', 'Marius Courcoul', 'Himad Abdelli', 'Yassin Belkhdim', 'Esteban Lepaul', 'Zinedine Ferhat', 'Jordan Lefort', 'Florent Hanin', 'Lilian Raolisoa', 'Ousmane Camara', 'Melvin Zinga', 'Jacques Ekomie', 'Zinédine Ould Khaled', 'Jim Allevinah', 'Cédric Hountondji', 'Farid El Melali', 'Lanroy Machine', 'Enzo Caumont', 'Yacine Gaya']",https://fbref.com/fr/matchs/e467e10c/Nantes-Angers-4-Mai-2025-Ligue-1
Ligue 1,Journée 32,2024/2025,04/05/2025,17:15,Romain Lissorgue,Stade Francis-Le Blé,Brest,Montpellier,1,0,1.1,0.5,0.63,0.37,595,684,0.87,324,399,0.81,5,16,0.31,1,6,0.17,1,1,1.0,4,5,0.8,14,18,4,6,23,15,804,544,23,20,8,12,13,4,23,27,0,3,6,11,19,15,69,43,1,2,0,0,Eric Roy,Zoumana Camara,Brendan Chardonnet,Benjamin Lecomte,4-3-3,5-4-1,"['Marco Bizot', 'Abdoulaye Niakhate Ndiaye', 'Brendan Chardonnet', 'Kenny Lala', 'Kamory Doumbia', 'Romain Del Castillo', 'Ludovic Ajorque', 'Pierre Lees-Melou', 'Massadio Haïdara', 'Mathias Pereira Lage', 'Mahdi Camara', 'Grégoire Coudert', 'Bradley Locko', 'Edimilson Fernandes', 'Hugo Magnetti', 'Luc Zogbé', 'Mama Samba Baldé', 'Abdallah Sima', 'Romain Faivre', 'Jonas Martin']","['Benjamin Lecomte', 'Jordan Ferri', 'Théo Sainte-Luce', 'Rabby Nzingoula', 'Lucas Mincarelli', 'Khalil Fayad', 'Becir Omeragic', 'Enzo Tchato', 'Junior Ndiaye', 'Yael Mouanga', 'Tanguy Coulibaly', 'Dimitry Bertaud', 'Bamo Meïté', 'Boubakar Kouyaté', 'Wahbi Khazri', 'Téji Savanier', 'Joris Chotard', 'Théo Chennahi', 'Wilfried Ndollo', 'Falaye Sacko']",https://fbref.com/fr/matchs/14d0b54f/Brest-Montpellier-4-Mai-2025-Ligue-1
Ligue 1,Journée 32,2024/2025,04/05/2025,17:15,Jeremy Stinat,Groupama Stadium,Lyon,Lens,1,2,1.0,0.7,0.68,0.32,593,699,0.85,256,322,0.8,4,18,0.22,3,8,0.38,1,3,0.33,3,4,0.75,8,12,8,2,33,3,806,483,12,10,10,18,11,15,10,54,1,0,4,17,26,13,39,50,2,3,0,0,Paulo Fonseca,Will Still,Corentin Tolisso,Jonathan Gradit,4-2-3-1,5-4-1,"['Lucas Perri', 'Nicolás Tagliafico', 'Corentin Tolisso', 'Malick Fofana', 'Rayan Cherki', 'Moussa Niakhate', 'Clinton Mata', 'Thiago Almada', 'Nemanja Matić', 'Georges Mikautadze', 'Ainsley Maitland-Niles', 'Rémy Descamps', 'Paul Akouokou', 'Jordan Veretout', 'Tanner Tessmann', 'Abner', 'Sael Kumbedi', 'Warmed Omari', 'Alejandro Rodriguez', 'Duje Ćaleta-Car']","['Mathew Ryan', 'Deiver Machado', 'Facundo Medina', 'Andy Diouf', 'Goduine Koyalipou', 'Neil El Aynaoui', 'Jonathan Gradit', 'Nampalys Mendy', 'Juma Bah', 'Adrien Thomasson', 'Tom Pouilly', 'Hervé Koffi', 'Nidal Celik', 'Martin Satriano', 'Angelo Fulgini', 'Hamzat Ojediran', 'Malang Sarr', 'Anass Zaroury', 'Wesley Saïd', 'Jeremy Agbonifo']",https://fbref.com/fr/matchs/60c53e19/Lyon-Lens-4-Mai-2025-Ligue-1
Ligue 1,Journée 32,2024/2025,04/05/2025,17:15,Jérémie Pignard,Stade de l'Abbé Deschamps,Auxerre,Le Havre,1,2,0.2,1.5,0.47,0.53,340,427,0.8,392,480,0.82,1,4,0.25,5,11,0.45,4,5,0.8,0,1,0.0,11,10,0,9,8,27,509,574,10,15,8,11,7,15,26,30,0,1,9,7,22,26,58,49,2,1,0,0,Christophe Pélissier,Didier Digard,Jubal,Arouna Sangante,5-4-1,4-1-4-1,"['Donovan Léon', 'Jubal', 'Gaëtan Perrin', 'Fredrik Oppegard', 'Lassine Sinayoko', 'Assane Dioussé', 'Sinaly Diomande', 'Paul Joly', 'Ado Onaiwu', 'Han-Noah Massengo', 'Clément Akpa', 'Théo De Percin', 'Gabriel Osho', 'Theo Bair', 'Eros Maddy', 'Gideon Mensah', 'Yoann Cissé', 'Florian Ayé', 'Ki-Jana Hoever', 'Rudy Matondo']","['Mathieu Gorgelin', 'Etienne Youte Kinkoue', 'Loïc Nego', 'Yassine Kechta', 'Josué Casimir', 'Junior Mwanga', 'Issa Soumaré', 'Arouna Sangante', 'Abdoulaye Touré', 'Fodé Ballo-Touré', 'Koka', 'Gabriel Guri', 'Daler Kuzyaev', 'Yanis Zouaoui', 'Rassoul Ndiaye', 'André Ayew', 'Timothee Pembele', 'Stephan Zagadou', 'Mahamadou Diawara', 'Hernani Mendes']",https://fbref.com/fr/matchs/c08af981/Auxerre-Le-Havre-4-Mai-2025-Ligue-1
Ligue 1,Journée 32,2024/2025,04/05/2025,20:45,Eric Wattellier,Decathlon Arena - Stade Pierre-Mauroy,Lille,Marseille,1,1,0.5,1.3,0.41,0.59,366,437,0.84,565,641,0.88,1,5,0.2,6,13,0.46,5,6,0.83,0,1,0.0,9,8,2,5,6,19,541,727,17,16,4,11,4,3,28,7,5,0,4,4,14,15,42,59,2,2,0,0,Bruno Génésio,Roberto De Zerbi,Benjamin André,Leonardo Balerdi,4-4-2,4-2-3-1,"['Lucas Chevalier', 'Aïssa Mandi', 'Alexsandro Ribeiro', 'Nabil Bentaleb', 'Hákon Arnar Haraldsson', 'Jonathan David', 'Thomas Meunier', 'Matias Fernandez-Pardo', 'Benjamin André', 'Chuba Akpom', 'Ismaily', 'Vito Mannone', 'Gabriel Gudmundsson', 'Rémy Cabella', 'Osame Sahraoui', 'Samuel Umtiti', ""Ngal'Ayel Mukau"", 'Mitchel Bakker', 'André Gomes', 'Ayyoub Bouaddi']","['Gerónimo Rulli', 'Leonardo Balerdi', 'Ulisses Garcia', 'Amine Gouiri', 'Mason Greenwood', 'Geoffrey Kondogbia', 'Ismaël Bennacer', 'Pierre Højbjerg', 'Adrien Rabiot', 'Luis Henrique', 'Michael Amir Murillo', 'Jeffrey De Lange', 'Quentin Merlin', 'Luiz Felipe', 'Neal Maupay', 'Amine Harit', 'Derek Cornelius', 'Jon Rowe', 'Valentin Rongier', 'Amar Dedić']",https://fbref.com/fr/matchs/491d68bb/Lille-Marseille-4-Mai-2025-Ligue-1
