league,journey,season,date,hours,referee,stadium,team1,team2,action_minute,action_score,action_description,action_type,action_team,link
Ligue 1,Journée 24,2024/2025,01/03/2025,17:00,Jérôme Brisard,Stade Geoffroy-Guichard,Saint-Étienne,Nice,5,0:0,Irvin Cardona,Yellow Card,Saint-Étienne,https://fbref.com/fr/matchs/8a209a58/Saint-Etienne-Nice-1-Mars-2025-Ligue-1
Ligue 1,Journée 24,2024/2025,01/03/2025,17:00,Jérôme Brisard,Stade Geoffroy-Guichard,Saint-Étienne,Nice,6,0:0,Jonathan Clauss,Yellow Card,Nice,
Ligue 1,Journée 24,2024/2025,01/03/2025,17:00,Jérôme Brisard,Stade Geoffroy-Guichard,Saint-Étienne,Nice,10,0:1,Pablo Rosario,Goal,Nice,
Ligue 1,Journée 24,2024/2025,01/03/2025,17:00,Jérôme Brisard,Stade Geoffroy-Guichard,Saint-Étienne,Nice,32,1:1,Lucas Stassin - Passe décisive : Aimen Moueffek,Goal,Saint-Étienne,
Ligue 1,Journée 24,2024/2025,01/03/2025,17:00,Jérôme Brisard,Stade Geoffroy-Guichard,Saint-Étienne,Nice,52,1:2,Mickael NadeBut contre son camp,Goal,Nice,
Ligue 1,Journée 24,2024/2025,01/03/2025,17:00,Jérôme Brisard,Stade Geoffroy-Guichard,Saint-Étienne,Nice,62,1:2,Hicham Boudaoui pour Pablo Rosario,Substitute,Nice,
Ligue 1,Journée 24,2024/2025,01/03/2025,17:00,Jérôme Brisard,Stade Geoffroy-Guichard,Saint-Étienne,Nice,62,1:2,Louis Mouton pour Aimen Moueffek,Substitute,Saint-Étienne,
Ligue 1,Journée 24,2024/2025,01/03/2025,17:00,Jérôme Brisard,Stade Geoffroy-Guichard,Saint-Étienne,Nice,62,1:2,Dennis Appiah pour Yvann Macon,Substitute,Saint-Étienne,
Ligue 1,Journée 24,2024/2025,01/03/2025,17:00,Jérôme Brisard,Stade Geoffroy-Guichard,Saint-Étienne,Nice,62,1:2,Sofiane Diop pour Gaëtan Laborde,Substitute,Nice,
Ligue 1,Journée 24,2024/2025,01/03/2025,17:00,Jérôme Brisard,Stade Geoffroy-Guichard,Saint-Étienne,Nice,69,1:3,Evann Guessand - Passe décisive : Mohamed Ali Cho,Goal,Nice,
Ligue 1,Journée 24,2024/2025,01/03/2025,17:00,Jérôme Brisard,Stade Geoffroy-Guichard,Saint-Étienne,Nice,71,1:3,Maxime Bernauer pour Dylan Batubinsika,Substitute,Saint-Étienne,
Ligue 1,Journée 24,2024/2025,01/03/2025,17:00,Jérôme Brisard,Stade Geoffroy-Guichard,Saint-Étienne,Nice,71,1:3,Augustine Boakye pour Irvin Cardona,Substitute,Saint-Étienne,
Ligue 1,Journée 24,2024/2025,01/03/2025,17:00,Jérôme Brisard,Stade Geoffroy-Guichard,Saint-Étienne,Nice,79,1:3,Jeremie Boga pour Mohamed Ali Cho,Substitute,Nice,
Ligue 1,Journée 24,2024/2025,01/03/2025,17:00,Jérôme Brisard,Stade Geoffroy-Guichard,Saint-Étienne,Nice,79,1:3,Tom Louchet pour Jonathan Clauss,Substitute,Nice,
Ligue 1,Journée 24,2024/2025,01/03/2025,17:00,Jérôme Brisard,Stade Geoffroy-Guichard,Saint-Étienne,Nice,88,1:3,Ali Abdi pour Evann Guessand,Substitute,Nice,
Ligue 1,Journée 24,2024/2025,01/03/2025,17:00,Jérôme Brisard,Stade Geoffroy-Guichard,Saint-Étienne,Nice,95,1:3,Maxime Bernauer,Yellow Card,Saint-Étienne,
Ligue 1,Journée 24,2024/2025,01/03/2025,19:00,Jérémie Pignard,Stade Bollaert-Delelis,Lens,Le Havre,3,1:0,Neil El Aynaoui (Pen),Goal score,Lens,https://fbref.com/fr/matchs/f0429a72/Lens-Le-Havre-1-Mars-2025-Ligue-1
Ligue 1,Journée 24,2024/2025,01/03/2025,19:00,Jérémie Pignard,Stade Bollaert-Delelis,Lens,Le Havre,19,2:0,Ruben Aguilar - Passe décisive : Deiver Machado,Goal,Lens,
Ligue 1,Journée 24,2024/2025,01/03/2025,19:00,Jérémie Pignard,Stade Bollaert-Delelis,Lens,Le Havre,22,2:0,Abdoulaye Touré,Yellow Card,Le Havre,
Ligue 1,Journée 24,2024/2025,01/03/2025,19:00,Jérémie Pignard,Stade Bollaert-Delelis,Lens,Le Havre,28,2:1,Issa Soumaré - Passe décisive : André Ayew,Goal,Le Havre,
Ligue 1,Journée 24,2024/2025,01/03/2025,19:00,Jérémie Pignard,Stade Bollaert-Delelis,Lens,Le Havre,33,2:2,André Ayew - Passe décisive : Issa Soumaré,Goal,Le Havre,
Ligue 1,Journée 24,2024/2025,01/03/2025,19:00,Jérémie Pignard,Stade Bollaert-Delelis,Lens,Le Havre,34,2:2,Ruben Aguilar,Yellow Card,Lens,
Ligue 1,Journée 24,2024/2025,01/03/2025,19:00,Jérémie Pignard,Stade Bollaert-Delelis,Lens,Le Havre,48,3:2,Florian Sotoca - Passe décisive : Deiver Machado,Goal,Lens,
Ligue 1,Journée 24,2024/2025,01/03/2025,19:00,Jérémie Pignard,Stade Bollaert-Delelis,Lens,Le Havre,62,3:3,Josué Casimir,Goal,Le Havre,
Ligue 1,Journée 24,2024/2025,01/03/2025,19:00,Jérémie Pignard,Stade Bollaert-Delelis,Lens,Le Havre,65,3:3,Koka,Yellow Card,Le Havre,
Ligue 1,Journée 24,2024/2025,01/03/2025,19:00,Jérémie Pignard,Stade Bollaert-Delelis,Lens,Le Havre,65,3:3,Wesley Saïd,Yellow Card,Lens,
Ligue 1,Journée 24,2024/2025,01/03/2025,19:00,Jérémie Pignard,Stade Bollaert-Delelis,Lens,Le Havre,70,3:3,Andy Diouf pour Neil El Aynaoui,Substitute,Lens,
Ligue 1,Journée 24,2024/2025,01/03/2025,19:00,Jérémie Pignard,Stade Bollaert-Delelis,Lens,Le Havre,71,3:3,Angelo Fulgini pour Anass Zaroury,Substitute,Lens,
Ligue 1,Journée 24,2024/2025,01/03/2025,19:00,Jérémie Pignard,Stade Bollaert-Delelis,Lens,Le Havre,74,3:3,Rassoul Ndiaye pour Abdoulaye Touré,Substitute,Le Havre,
Ligue 1,Journée 24,2024/2025,01/03/2025,19:00,Jérémie Pignard,Stade Bollaert-Delelis,Lens,Le Havre,74,3:3,Antoine Joujou pour André Ayew,Substitute,Le Havre,
Ligue 1,Journée 24,2024/2025,01/03/2025,19:00,Jérémie Pignard,Stade Bollaert-Delelis,Lens,Le Havre,79,3:3,Tom Pouilly pour Ruben Aguilar,Substitute,Lens,
Ligue 1,Journée 24,2024/2025,01/03/2025,19:00,Jérémie Pignard,Stade Bollaert-Delelis,Lens,Le Havre,79,3:3,Goduine Koyalipou pour Wesley Saïd,Substitute,Lens,
Ligue 1,Journée 24,2024/2025,01/03/2025,19:00,Jérémie Pignard,Stade Bollaert-Delelis,Lens,Le Havre,91,3:4,Koka (Pen),Goal score,Le Havre,
Ligue 1,Journée 24,2024/2025,01/03/2025,19:00,Jérémie Pignard,Stade Bollaert-Delelis,Lens,Le Havre,92,3:4,Rayan Fofana pour Adrien Thomasson,Substitute,Lens,
Ligue 1,Journée 24,2024/2025,01/03/2025,19:00,Jérémie Pignard,Stade Bollaert-Delelis,Lens,Le Havre,94,3:4,Timothee Pembele pour Josué Casimir,Substitute,Le Havre,
Ligue 1,Journée 24,2024/2025,01/03/2025,21:05,François Letexier,Parc des Princes,Paris Saint-Germain,Lille,6,1:0,Bradley Barcola,Goal,Paris Saint-Germain,https://fbref.com/fr/matchs/3432f5cc/Paris-Saint-Germain-Lille-1-Mars-2025-Ligue-1
Ligue 1,Journée 24,2024/2025,01/03/2025,21:05,François Letexier,Parc des Princes,Paris Saint-Germain,Lille,22,2:0,Marquinhos - Passe décisive : Désiré Doué,Goal,Paris Saint-Germain,
Ligue 1,Journée 24,2024/2025,01/03/2025,21:05,François Letexier,Parc des Princes,Paris Saint-Germain,Lille,28,3:0,Ousmane Dembélé - Passe décisive : João Neves,Goal,Paris Saint-Germain,
Ligue 1,Journée 24,2024/2025,01/03/2025,21:05,François Letexier,Parc des Princes,Paris Saint-Germain,Lille,37,4:0,Désiré Doué - Passe décisive : Ousmane Dembélé,Goal,Paris Saint-Germain,
Ligue 1,Journée 24,2024/2025,01/03/2025,21:05,François Letexier,Parc des Princes,Paris Saint-Germain,Lille,39,4:0,Thomas Meunier,Yellow Card,Lille,
Ligue 1,Journée 24,2024/2025,01/03/2025,21:05,François Letexier,Parc des Princes,Paris Saint-Germain,Lille,46,4:0,Hákon Arnar Haraldsson pour Mitchel Bakker,Substitute,Lille,
Ligue 1,Journée 24,2024/2025,01/03/2025,21:05,François Letexier,Parc des Princes,Paris Saint-Germain,Lille,46,4:0,Ethan Mbappé pour Angel Gomes,Substitute,Lille,
Ligue 1,Journée 24,2024/2025,01/03/2025,21:05,François Letexier,Parc des Princes,Paris Saint-Germain,Lille,62,4:0,Willian Pacho pour Nuno Mendes,Substitute,Paris Saint-Germain,
Ligue 1,Journée 24,2024/2025,01/03/2025,21:05,François Letexier,Parc des Princes,Paris Saint-Germain,Lille,62,4:0,Warren Zaïre-Emery pour Achraf Hakimi,Substitute,Paris Saint-Germain,
Ligue 1,Journée 24,2024/2025,01/03/2025,21:05,François Letexier,Parc des Princes,Paris Saint-Germain,Lille,63,4:0,Khvicha Kvaratskhelia pour Ousmane Dembélé,Substitute,Paris Saint-Germain,
Ligue 1,Journée 24,2024/2025,01/03/2025,21:05,François Letexier,Parc des Princes,Paris Saint-Germain,Lille,63,4:0,Vitinha pour João Neves,Substitute,Paris Saint-Germain,
Ligue 1,Journée 24,2024/2025,01/03/2025,21:05,François Letexier,Parc des Princes,Paris Saint-Germain,Lille,63,4:0,Jonathan David pour Chuba Akpom,Substitute,Lille,
Ligue 1,Journée 24,2024/2025,01/03/2025,21:05,François Letexier,Parc des Princes,Paris Saint-Germain,Lille,63,4:0,Ayyoub Bouaddi pour Ngal'Ayel Mukau,Substitute,Lille,
Ligue 1,Journée 24,2024/2025,01/03/2025,21:05,François Letexier,Parc des Princes,Paris Saint-Germain,Lille,75,4:0,Lee Kang-in pour Désiré Doué,Substitute,Paris Saint-Germain,
Ligue 1,Journée 24,2024/2025,01/03/2025,21:05,François Letexier,Parc des Princes,Paris Saint-Germain,Lille,80,4:1,Jonathan David,Goal,Lille,
Ligue 1,Journée 24,2024/2025,01/03/2025,21:05,François Letexier,Parc des Princes,Paris Saint-Germain,Lille,80,4:1,Ismaily pour Gabriel Gudmundsson,Substitute,Lille,
Ligue 1,Journée 24,2024/2025,01/03/2025,21:05,François Letexier,Parc des Princes,Paris Saint-Germain,Lille,92,4:1,Ismaily,Yellow Card,Lille,
Ligue 1,Journée 24,2024/2025,02/03/2025,15:00,Benoît Millot,Groupama Stadium,Lyon,Brest,15,0:1,Kenny Lala (Pen),Goal score,Brest,
Ligue 1,Journée 24,2024/2025,02/03/2025,15:00,Benoît Millot,Groupama Stadium,Lyon,Brest,24,1:1,Alexandre Lacazette - Passe décisive : Rayan Cherki,Goal,Lyon,https://fbref.com/fr/matchs/9e7b9e2a/Lyon-Brest-2-Mars-2025-Ligue-1
Ligue 1,Journée 24,2024/2025,02/03/2025,15:00,Benoît Millot,Groupama Stadium,Lyon,Brest,34,1:1,Tanner Tessmann,Yellow Card,Lyon,
Ligue 1,Journée 24,2024/2025,02/03/2025,15:00,Benoît Millot,Groupama Stadium,Lyon,Brest,48,1:1,Alexandre Lacazette,Yellow Card,Lyon,
Ligue 1,Journée 24,2024/2025,02/03/2025,15:00,Benoît Millot,Groupama Stadium,Lyon,Brest,59,1:1,Kenny Lala,Yellow Card,Brest,
Ligue 1,Journée 24,2024/2025,02/03/2025,15:00,Benoît Millot,Groupama Stadium,Lyon,Brest,70,1:1,Nemanja Matić pour Tanner Tessmann,Substitute,Lyon,
Ligue 1,Journée 24,2024/2025,02/03/2025,15:00,Benoît Millot,Groupama Stadium,Lyon,Brest,82,2:1,Alexandre Lacazette - Passe décisive : Rayan Cherki,Goal,Lyon,
Ligue 1,Journée 24,2024/2025,02/03/2025,15:00,Benoît Millot,Groupama Stadium,Lyon,Brest,83,2:1,Malick Fofana pour Alexandre Lacazette,Substitute,Lyon,
Ligue 1,Journée 24,2024/2025,02/03/2025,15:00,Benoît Millot,Groupama Stadium,Lyon,Brest,90,2:1,Ernest Nuamah pour Rayan Cherki,Substitute,Lyon,
Ligue 1,Journée 24,2024/2025,02/03/2025,15:00,Benoît Millot,Groupama Stadium,Lyon,Brest,90,2:1,Kamory Doumbia pour Hugo Magnetti,Substitute,Brest,
Ligue 1,Journée 24,2024/2025,02/03/2025,15:00,Benoît Millot,Groupama Stadium,Lyon,Brest,90,2:1,Jonas Martin pour Mathias Pereira Lage,Substitute,Brest,
Ligue 1,Journée 24,2024/2025,02/03/2025,17:15,Mathieu Vernice,Stade de l'Abbé Deschamps,Auxerre,Strasbourg,16,0:0,Valentín Barco,Yellow Card,Strasbourg,
Ligue 1,Journée 24,2024/2025,02/03/2025,17:15,Mathieu Vernice,Stade de l'Abbé Deschamps,Auxerre,Strasbourg,38,0:0,Guimissongui Ouattara pour Habib Diarra,Substitute,Strasbourg,
Ligue 1,Journée 24,2024/2025,02/03/2025,17:15,Mathieu Vernice,Stade de l'Abbé Deschamps,Auxerre,Strasbourg,47,0:1,Emanuel Emegha - Passe décisive : Guimissongui Ouattara,Goal,Strasbourg,
Ligue 1,Journée 24,2024/2025,02/03/2025,17:15,Mathieu Vernice,Stade de l'Abbé Deschamps,Auxerre,Strasbourg,57,0:1,Diego Moreira pour Sebastian Nanasi,Substitute,Strasbourg,
Ligue 1,Journée 24,2024/2025,02/03/2025,17:15,Mathieu Vernice,Stade de l'Abbé Deschamps,Auxerre,Strasbourg,63,0:1,Clément Akpa,Yellow Card,Auxerre,https://fbref.com/fr/matchs/370220dd/Auxerre-Strasbourg-2-Mars-2025-Ligue-1
Ligue 1,Journée 24,2024/2025,02/03/2025,17:15,Mathieu Vernice,Stade de l'Abbé Deschamps,Auxerre,Strasbourg,69,0:1,Fredrik Oppegard pour Gideon Mensah,Substitute,Auxerre,
Ligue 1,Journée 24,2024/2025,02/03/2025,17:15,Mathieu Vernice,Stade de l'Abbé Deschamps,Auxerre,Strasbourg,69,0:1,Han-Noah Massengo pour Elisha Owusu,Substitute,Auxerre,
Ligue 1,Journée 24,2024/2025,02/03/2025,17:15,Mathieu Vernice,Stade de l'Abbé Deschamps,Auxerre,Strasbourg,70,0:1,Lassine Sinayoko pour Theo Bair,Substitute,Auxerre,
Ligue 1,Journée 24,2024/2025,02/03/2025,17:15,Mathieu Vernice,Stade de l'Abbé Deschamps,Auxerre,Strasbourg,76,0:1,Dilane Bakwa,Yellow Card,Strasbourg,
Ligue 1,Journée 24,2024/2025,02/03/2025,17:15,Mathieu Vernice,Stade de l'Abbé Deschamps,Auxerre,Strasbourg,77,0:1,Abakar Sylla pour Dilane Bakwa,Substitute,Strasbourg,
Ligue 1,Journée 24,2024/2025,02/03/2025,17:15,Mathieu Vernice,Stade de l'Abbé Deschamps,Auxerre,Strasbourg,77,0:1,Eduard Sobol pour Valentín Barco,Substitute,Strasbourg,
Ligue 1,Journée 24,2024/2025,02/03/2025,17:15,Mathieu Vernice,Stade de l'Abbé Deschamps,Auxerre,Strasbourg,82,0:1,Paul Joly pour Ki-Jana Hoever,Substitute,Auxerre,
Ligue 1,Journée 24,2024/2025,02/03/2025,17:15,Mathieu Vernice,Stade de l'Abbé Deschamps,Auxerre,Strasbourg,82,0:1,Ado Onaiwu pour Clément Akpa,Substitute,Auxerre,
Ligue 1,Journée 24,2024/2025,02/03/2025,17:15,Mathieu Vernice,Stade de l'Abbé Deschamps,Auxerre,Strasbourg,94,0:1,Đorđe Petrović,Yellow Card,Strasbourg,
Ligue 1,Journée 24,2024/2025,02/03/2025,17:15,Mathieu Vernice,Stade de l'Abbé Deschamps,Auxerre,Strasbourg,96,0:1,Abakar Sylla,Red Card,Strasbourg,
Ligue 1,Journée 24,2024/2025,02/03/2025,17:15,Florent Batta,Stade de la Mosson-Mondial 98,Montpellier,Rennes,18,0:0,Jordan Ferri,Yellow Card,Montpellier,https://fbref.com/fr/matchs/5739a5ae/Montpellier-Rennes-2-Mars-2025-Ligue-1
Ligue 1,Journée 24,2024/2025,02/03/2025,17:15,Florent Batta,Stade de la Mosson-Mondial 98,Montpellier,Rennes,28,0:1,Seko Fofana - Passe décisive : Lorenz Assignon,Goal,Rennes,
Ligue 1,Journée 24,2024/2025,02/03/2025,17:15,Florent Batta,Stade de la Mosson-Mondial 98,Montpellier,Rennes,35,0:1,Seko Fofana,Yellow Card,Rennes,
Ligue 1,Journée 24,2024/2025,02/03/2025,17:15,Florent Batta,Stade de la Mosson-Mondial 98,Montpellier,Rennes,40,0:1,Boubakar Kouyaté,Yellow Card,Montpellier,
Ligue 1,Journée 24,2024/2025,02/03/2025,17:15,Florent Batta,Stade de la Mosson-Mondial 98,Montpellier,Rennes,46,0:1,Musa Al-Taamari pour Seko Fofana,Substitute,Rennes,
Ligue 1,Journée 24,2024/2025,02/03/2025,17:15,Florent Batta,Stade de la Mosson-Mondial 98,Montpellier,Rennes,46,0:1,Khalil Fayad pour Bamo Meïté,Substitute,Montpellier,
Ligue 1,Journée 24,2024/2025,02/03/2025,17:15,Florent Batta,Stade de la Mosson-Mondial 98,Montpellier,Rennes,56,0:2,Djaoui Cissé - Passe décisive : Jordan James,Goal,Rennes,
Ligue 1,Journée 24,2024/2025,02/03/2025,17:15,Florent Batta,Stade de la Mosson-Mondial 98,Montpellier,Rennes,59,0:2,Rabby Nzingoula pour Wahbi Khazri,Substitute,Montpellier,
Ligue 1,Journée 24,2024/2025,02/03/2025,17:15,Florent Batta,Stade de la Mosson-Mondial 98,Montpellier,Rennes,60,0:2,Nicolas Pays pour Jordan Ferri,Substitute,Montpellier,
Ligue 1,Journée 24,2024/2025,02/03/2025,17:15,Florent Batta,Stade de la Mosson-Mondial 98,Montpellier,Rennes,69,0:3,Lorenz Assignon - Passe décisive : Ludovic Blas,Goal,Rennes,
Ligue 1,Journée 24,2024/2025,02/03/2025,17:15,Florent Batta,Stade de la Mosson-Mondial 98,Montpellier,Rennes,73,0:3,Hans Hateboer pour Anthony Rouault,Substitute,Rennes,
Ligue 1,Journée 24,2024/2025,02/03/2025,17:15,Florent Batta,Stade de la Mosson-Mondial 98,Montpellier,Rennes,73,0:3,Azor Matusiwa pour Jordan James,Substitute,Rennes,
Ligue 1,Journée 24,2024/2025,02/03/2025,17:15,Florent Batta,Stade de la Mosson-Mondial 98,Montpellier,Rennes,78,0:3,Junior Ndiaye pour Andy Delort,Substitute,Montpellier,
Ligue 1,Journée 24,2024/2025,02/03/2025,17:15,Florent Batta,Stade de la Mosson-Mondial 98,Montpellier,Rennes,82,0:3,Ismaël Koné pour Ludovic Blas,Substitute,Rennes,
Ligue 1,Journée 24,2024/2025,02/03/2025,17:15,Florent Batta,Stade de la Mosson-Mondial 98,Montpellier,Rennes,85,0:3,Simon Cara pour Téji Savanier,Substitute,Montpellier,
Ligue 1,Journée 24,2024/2025,02/03/2025,17:15,Florent Batta,Stade de la Mosson-Mondial 98,Montpellier,Rennes,87,0:4,Arnaud Kalimuendo,Goal,Rennes,
Ligue 1,Journée 24,2024/2025,02/03/2025,17:15,Florent Batta,Stade de la Mosson-Mondial 98,Montpellier,Rennes,87,0:4,Arnaud Kalimuendo - Pénalty arrêté par Benjamin Lecomte,Pénalty arrêté,Rennes,
Ligue 1,Journée 24,2024/2025,02/03/2025,17:15,Florent Batta,Stade de la Mosson-Mondial 98,Montpellier,Rennes,88,0:4,Ayanda Sishuba pour Arnaud Kalimuendo,Substitute,Rennes,
Ligue 1,Journée 24,2024/2025,02/03/2025,17:15,Jeremy Stinat,Stade Raymond Kopa,Angers,Toulouse,45,0:0,Frank Magri,Yellow Card,Toulouse,
Ligue 1,Journée 24,2024/2025,02/03/2025,17:15,Jeremy Stinat,Stade Raymond Kopa,Angers,Toulouse,46,0:0,Ibrahima Niane pour Bamba Dieng,Substitute,Angers,
Ligue 1,Journée 24,2024/2025,02/03/2025,17:15,Jeremy Stinat,Stade Raymond Kopa,Angers,Toulouse,47,0:0,Jean-Eudes Aholou,Yellow Card,Angers,https://fbref.com/fr/matchs/d9b255ac/Angers-Toulouse-2-Mars-2025-Ligue-1
Ligue 1,Journée 24,2024/2025,02/03/2025,17:15,Jeremy Stinat,Stade Raymond Kopa,Angers,Toulouse,51,0:1,Frank Magri - Passe décisive : Cristian Cásseres Jr.,Goal,Toulouse,
Ligue 1,Journée 24,2024/2025,02/03/2025,17:15,Jeremy Stinat,Stade Raymond Kopa,Angers,Toulouse,57,0:2,Vincent Sierro,Goal,Toulouse,
Ligue 1,Journée 24,2024/2025,02/03/2025,17:15,Jeremy Stinat,Stade Raymond Kopa,Angers,Toulouse,58,0:2,Yahia Fofana,Yellow Card,Angers,
Ligue 1,Journée 24,2024/2025,02/03/2025,17:15,Jeremy Stinat,Stade Raymond Kopa,Angers,Toulouse,66,0:2,Carlens Arcus pour Zinedine Ferhat,Substitute,Angers,
Ligue 1,Journée 24,2024/2025,02/03/2025,17:15,Jeremy Stinat,Stade Raymond Kopa,Angers,Toulouse,69,0:2,Yann Gboho pour Shavy Babicka,Substitute,Toulouse,
Ligue 1,Journée 24,2024/2025,02/03/2025,17:15,Jeremy Stinat,Stade Raymond Kopa,Angers,Toulouse,71,0:3,Charlie Cresswell,Goal,Toulouse,
Ligue 1,Journée 24,2024/2025,02/03/2025,17:15,Jeremy Stinat,Stade Raymond Kopa,Angers,Toulouse,72,0:3,Pierrick Capelle pour Jean-Eudes Aholou,Substitute,Angers,
Ligue 1,Journée 24,2024/2025,02/03/2025,17:15,Jeremy Stinat,Stade Raymond Kopa,Angers,Toulouse,72,0:3,Justin-Noël Kalumba pour Farid El Melali,Substitute,Angers,
Ligue 1,Journée 24,2024/2025,02/03/2025,17:15,Jeremy Stinat,Stade Raymond Kopa,Angers,Toulouse,76,0:3,Jaydee Canvot pour Vincent Sierro,Substitute,Toulouse,
Ligue 1,Journée 24,2024/2025,02/03/2025,17:15,Jeremy Stinat,Stade Raymond Kopa,Angers,Toulouse,76,0:3,Waren Kamanzi pour Rafik Messali,Substitute,Toulouse,
Ligue 1,Journée 24,2024/2025,02/03/2025,17:15,Jeremy Stinat,Stade Raymond Kopa,Angers,Toulouse,76,0:3,Noah Edjouma pour Frank Magri,Substitute,Toulouse,
Ligue 1,Journée 24,2024/2025,02/03/2025,17:15,Jeremy Stinat,Stade Raymond Kopa,Angers,Toulouse,83,0:3,Marius Courcoul pour Yassin Belkhdim,Substitute,Angers,
Ligue 1,Journée 24,2024/2025,02/03/2025,17:15,Jeremy Stinat,Stade Raymond Kopa,Angers,Toulouse,83,0:3,Miha Zajc pour Cristian Cásseres Jr.,Substitute,Toulouse,
Ligue 1,Journée 24,2024/2025,02/03/2025,17:15,Jeremy Stinat,Stade Raymond Kopa,Angers,Toulouse,84,0:3,Waren Kamanzi,Yellow Card,Toulouse,
Ligue 1,Journée 24,2024/2025,02/03/2025,17:15,Jeremy Stinat,Stade Raymond Kopa,Angers,Toulouse,94,0:4,Noah Edjouma - Passe décisive : Waren Kamanzi,Goal,Toulouse,
Ligue 1,Journée 24,2024/2025,02/03/2025,17:15,Jeremy Stinat,Stade Raymond Kopa,Angers,Toulouse,96,0:4,Pierrick Capelle,Yellow Card,Angers,
Ligue 1,Journée 24,2024/2025,02/03/2025,17:15,Jeremy Stinat,Stade Raymond Kopa,Angers,Toulouse,96,0:4,Yann Gboho,Yellow Card,Toulouse,
Ligue 1,Journée 24,2024/2025,02/03/2025,20:45,Stéphanie Frappart,Orange Vélodrome,Marseille,Nantes,24,0:0,Pol Lirola pour Michael Amir Murillo,Substitute,Marseille,https://fbref.com/fr/matchs/ef2b73e7/Marseille-Nantes-2-Mars-2025-Ligue-1
Ligue 1,Journée 24,2024/2025,02/03/2025,20:45,Stéphanie Frappart,Orange Vélodrome,Marseille,Nantes,37,0:0,Pierre Højbjerg,Yellow Card,Marseille,
Ligue 1,Journée 24,2024/2025,02/03/2025,20:45,Stéphanie Frappart,Orange Vélodrome,Marseille,Nantes,46,0:0,Kelvin Amian pour Francis Coquelin,Substitute,Nantes,
Ligue 1,Journée 24,2024/2025,02/03/2025,20:45,Stéphanie Frappart,Orange Vélodrome,Marseille,Nantes,51,0:0,Kelvin Amian,Yellow Card,Nantes,
Ligue 1,Journée 24,2024/2025,02/03/2025,20:45,Stéphanie Frappart,Orange Vélodrome,Marseille,Nantes,58,0:0,Valentin Rongier pour Ismaël Bennacer,Substitute,Marseille,
Ligue 1,Journée 24,2024/2025,02/03/2025,20:45,Stéphanie Frappart,Orange Vélodrome,Marseille,Nantes,59,0:0,Amar Dedić pour Quentin Merlin,Substitute,Marseille,
Ligue 1,Journée 24,2024/2025,02/03/2025,20:45,Stéphanie Frappart,Orange Vélodrome,Marseille,Nantes,70,0:0,Mostafa Mohamed pour Matthis Abline,Substitute,Nantes,
Ligue 1,Journée 24,2024/2025,02/03/2025,20:45,Stéphanie Frappart,Orange Vélodrome,Marseille,Nantes,70,0:0,Meschak Elia pour Moses Simon,Substitute,Nantes,
Ligue 1,Journée 24,2024/2025,02/03/2025,20:45,Stéphanie Frappart,Orange Vélodrome,Marseille,Nantes,73,1:0,Amine Gouiri - Passe décisive : Valentin Rongier,Goal,Marseille,
Ligue 1,Journée 24,2024/2025,02/03/2025,20:45,Stéphanie Frappart,Orange Vélodrome,Marseille,Nantes,75,1:0,Louis Leroux,Yellow Card,Nantes,
Ligue 1,Journée 24,2024/2025,02/03/2025,20:45,Stéphanie Frappart,Orange Vélodrome,Marseille,Nantes,77,2:0,Mason Greenwood,Goal,Marseille,
Ligue 1,Journée 24,2024/2025,02/03/2025,20:45,Stéphanie Frappart,Orange Vélodrome,Marseille,Nantes,78,2:0,Luiz Felipe pour Pol Lirola,Substitute,Marseille,
Ligue 1,Journée 24,2024/2025,02/03/2025,20:45,Stéphanie Frappart,Orange Vélodrome,Marseille,Nantes,79,2:0,Bilal Nadir pour Mason Greenwood,Substitute,Marseille,
Ligue 1,Journée 24,2024/2025,02/03/2025,20:45,Stéphanie Frappart,Orange Vélodrome,Marseille,Nantes,79,2:0,Sorba Thomas pour Marcus Coco,Substitute,Nantes,
Ligue 1,Journée 24,2024/2025,02/03/2025,20:45,Stéphanie Frappart,Orange Vélodrome,Marseille,Nantes,79,2:0,Bahereba Guirassy pour Pedro Chirivella,Substitute,Nantes,
Ligue 1,Journée 25,2024/2025,07/03/2025,20:45,Marc Bollengier,Stadium de Toulouse,Toulouse,Monaco,1,0:0,Christian Mawissa,Yellow Card,Monaco,
Ligue 1,Journée 25,2024/2025,07/03/2025,20:45,Marc Bollengier,Stadium de Toulouse,Toulouse,Monaco,17,0:1,Takumi Minamino - Passe décisive : Mika Biereth,Goal,Monaco,
Ligue 1,Journée 25,2024/2025,07/03/2025,20:45,Marc Bollengier,Stadium de Toulouse,Toulouse,Monaco,46,0:1,Charlie Cresswell,Yellow Card,Toulouse,https://fbref.com/fr/matchs/807e72ae/Toulouse-Monaco-7-Mars-2025-Ligue-1
Ligue 1,Journée 25,2024/2025,07/03/2025,20:45,Marc Bollengier,Stadium de Toulouse,Toulouse,Monaco,59,0:1,Yann Gboho pour Rafik Messali,Substitute,Toulouse,
Ligue 1,Journée 25,2024/2025,07/03/2025,20:45,Marc Bollengier,Stadium de Toulouse,Toulouse,Monaco,71,0:1,Miha Zajc pour Jaydee Canvot,Substitute,Toulouse,
Ligue 1,Journée 25,2024/2025,07/03/2025,20:45,Marc Bollengier,Stadium de Toulouse,Toulouse,Monaco,74,0:1,Eliesse Ben Seghir pour Takumi Minamino,Substitute,Monaco,
Ligue 1,Journée 25,2024/2025,07/03/2025,20:45,Marc Bollengier,Stadium de Toulouse,Toulouse,Monaco,74,0:1,Breel Embolo,Yellow Card,Monaco,
Ligue 1,Journée 25,2024/2025,07/03/2025,20:45,Marc Bollengier,Stadium de Toulouse,Toulouse,Monaco,74,0:1,George Ilenikhena pour Breel Embolo,Substitute,Monaco,
Ligue 1,Journée 25,2024/2025,07/03/2025,20:45,Marc Bollengier,Stadium de Toulouse,Toulouse,Monaco,81,0:1,Noah Edjouma pour Shavy Babicka,Substitute,Toulouse,
Ligue 1,Journée 25,2024/2025,07/03/2025,20:45,Marc Bollengier,Stadium de Toulouse,Toulouse,Monaco,82,0:1,Wilfried Singo pour Mika Biereth,Substitute,Monaco,
Ligue 1,Journée 25,2024/2025,07/03/2025,20:45,Marc Bollengier,Stadium de Toulouse,Toulouse,Monaco,90,0:1,Maghnes Akliouche,Yellow Card,Monaco,
Ligue 1,Journée 25,2024/2025,07/03/2025,20:45,Marc Bollengier,Stadium de Toulouse,Toulouse,Monaco,91,1:1,Frank Magri - Passe décisive : Aron Dønnum,Goal,Toulouse,
Ligue 1,Journée 25,2024/2025,08/03/2025,17:00,Mathieu Vernice,Roazhon Park,Rennes,Paris Saint-Germain,27,0:1,Bradley Barcola - Passe décisive : Désiré Doué,Goal,Paris Saint-Germain,
Ligue 1,Journée 25,2024/2025,08/03/2025,17:00,Mathieu Vernice,Roazhon Park,Rennes,Paris Saint-Germain,34,0:1,Brice Samba,Yellow Card,Rennes,https://fbref.com/fr/matchs/24b4e6dd/Rennes-Paris-Saint-Germain-8-Mars-2025-Ligue-1
Ligue 1,Journée 25,2024/2025,08/03/2025,17:00,Mathieu Vernice,Roazhon Park,Rennes,Paris Saint-Germain,36,0:1,Lucas Hernández,Yellow Card,Paris Saint-Germain,
Ligue 1,Journée 25,2024/2025,08/03/2025,17:00,Mathieu Vernice,Roazhon Park,Rennes,Paris Saint-Germain,47,0:1,Bradley Barcola,Yellow Card,Paris Saint-Germain,
Ligue 1,Journée 25,2024/2025,08/03/2025,17:00,Mathieu Vernice,Roazhon Park,Rennes,Paris Saint-Germain,50,0:2,Gonçalo Ramos - Passe décisive : Bradley Barcola,Goal,Paris Saint-Germain,
Ligue 1,Journée 25,2024/2025,08/03/2025,17:00,Mathieu Vernice,Roazhon Park,Rennes,Paris Saint-Germain,53,1:2,Lilian Brassier - Passe décisive : Jérémy Jacquet,Goal,Rennes,
Ligue 1,Journée 25,2024/2025,08/03/2025,17:00,Mathieu Vernice,Roazhon Park,Rennes,Paris Saint-Germain,58,1:2,Anthony Rouault,Yellow Card,Rennes,
Ligue 1,Journée 25,2024/2025,08/03/2025,17:00,Mathieu Vernice,Roazhon Park,Rennes,Paris Saint-Germain,64,1:2,Ousmane Dembélé pour Gonçalo Ramos,Substitute,Paris Saint-Germain,
Ligue 1,Journée 25,2024/2025,08/03/2025,17:00,Mathieu Vernice,Roazhon Park,Rennes,Paris Saint-Germain,64,1:2,Nuno Mendes pour Lucas Hernández,Substitute,Paris Saint-Germain,
Ligue 1,Journée 25,2024/2025,08/03/2025,17:00,Mathieu Vernice,Roazhon Park,Rennes,Paris Saint-Germain,64,1:2,Vitinha pour Lee Kang-in,Substitute,Paris Saint-Germain,
Ligue 1,Journée 25,2024/2025,08/03/2025,17:00,Mathieu Vernice,Roazhon Park,Rennes,Paris Saint-Germain,65,1:2,Khvicha Kvaratskhelia pour João Neves,Substitute,Paris Saint-Germain,
Ligue 1,Journée 25,2024/2025,08/03/2025,17:00,Mathieu Vernice,Roazhon Park,Rennes,Paris Saint-Germain,72,1:2,Azor Matusiwa pour Ismaël Koné,Substitute,Rennes,
Ligue 1,Journée 25,2024/2025,08/03/2025,17:00,Mathieu Vernice,Roazhon Park,Rennes,Paris Saint-Germain,72,1:2,Seko Fofana pour Jordan James,Substitute,Rennes,
Ligue 1,Journée 25,2024/2025,08/03/2025,17:00,Mathieu Vernice,Roazhon Park,Rennes,Paris Saint-Germain,74,1:2,Achraf Hakimi pour Bradley Barcola,Substitute,Paris Saint-Germain,
Ligue 1,Journée 25,2024/2025,08/03/2025,17:00,Mathieu Vernice,Roazhon Park,Rennes,Paris Saint-Germain,81,1:2,Kyogo Furuhashi pour Mohamed Meité,Substitute,Rennes,
Ligue 1,Journée 25,2024/2025,08/03/2025,17:00,Mathieu Vernice,Roazhon Park,Rennes,Paris Saint-Germain,83,1:2,Musa Al-Taamari pour Ludovic Blas,Substitute,Rennes,
Ligue 1,Journée 25,2024/2025,08/03/2025,17:00,Mathieu Vernice,Roazhon Park,Rennes,Paris Saint-Germain,91,1:3,Ousmane Dembélé - Passe décisive : Achraf Hakimi,Goal,Paris Saint-Germain,
Ligue 1,Journée 25,2024/2025,08/03/2025,17:00,Mathieu Vernice,Roazhon Park,Rennes,Paris Saint-Germain,94,1:4,Ousmane Dembélé - Passe décisive : Vitinha,Goal,Paris Saint-Germain,
Ligue 1,Journée 25,2024/2025,08/03/2025,17:00,Mathieu Vernice,Roazhon Park,Rennes,Paris Saint-Germain,97,1:4,Achraf Hakimi,Yellow Card,Paris Saint-Germain,
Ligue 1,Journée 25,2024/2025,08/03/2025,19:00,Jérémie Pignard,Decathlon Arena - Stade Pierre-Mauroy,Lille,Montpellier,9,0:0,Alexsandro Ribeiro,Yellow Card,Lille,https://fbref.com/fr/matchs/3de20b0f/Lille-Montpellier-8-Mars-2025-Ligue-1
Ligue 1,Journée 25,2024/2025,08/03/2025,19:00,Jérémie Pignard,Decathlon Arena - Stade Pierre-Mauroy,Lille,Montpellier,36,0:0,Rabby Nzingoula,Yellow Card,Montpellier,
Ligue 1,Journée 25,2024/2025,08/03/2025,19:00,Jérémie Pignard,Decathlon Arena - Stade Pierre-Mauroy,Lille,Montpellier,46,0:0,Ismaily pour Mitchel Bakker,Substitute,Lille,
Ligue 1,Journée 25,2024/2025,08/03/2025,19:00,Jérémie Pignard,Decathlon Arena - Stade Pierre-Mauroy,Lille,Montpellier,50,1:0,Jonathan David - Passe décisive : Ismaily,Goal,Lille,
Ligue 1,Journée 25,2024/2025,08/03/2025,19:00,Jérémie Pignard,Decathlon Arena - Stade Pierre-Mauroy,Lille,Montpellier,67,1:0,Aïssa Mandi pour Thomas Meunier,Substitute,Lille,
Ligue 1,Journée 25,2024/2025,08/03/2025,19:00,Jérémie Pignard,Decathlon Arena - Stade Pierre-Mauroy,Lille,Montpellier,68,1:0,Chuba Akpom pour Jonathan David,Substitute,Lille,
Ligue 1,Journée 25,2024/2025,08/03/2025,19:00,Jérémie Pignard,Decathlon Arena - Stade Pierre-Mauroy,Lille,Montpellier,68,1:0,Othmane Maamma pour Yael Mouanga,Substitute,Montpellier,
Ligue 1,Journée 25,2024/2025,08/03/2025,19:00,Jérémie Pignard,Decathlon Arena - Stade Pierre-Mauroy,Lille,Montpellier,71,1:0,Théo Sainte-Luce,Yellow Card,Montpellier,
Ligue 1,Journée 25,2024/2025,08/03/2025,19:00,Jérémie Pignard,Decathlon Arena - Stade Pierre-Mauroy,Lille,Montpellier,75,1:0,Nicolas Pays pour Rabby Nzingoula,Substitute,Montpellier,
Ligue 1,Journée 25,2024/2025,08/03/2025,19:00,Jérémie Pignard,Decathlon Arena - Stade Pierre-Mauroy,Lille,Montpellier,76,1:0,Wahbi Khazri pour Tanguy Coulibaly,Substitute,Montpellier,
Ligue 1,Journée 25,2024/2025,08/03/2025,19:00,Jérémie Pignard,Decathlon Arena - Stade Pierre-Mauroy,Lille,Montpellier,76,1:0,Matias Fernandez-Pardo pour Hákon Arnar Haraldsson,Substitute,Lille,
Ligue 1,Journée 25,2024/2025,08/03/2025,19:00,Jérémie Pignard,Decathlon Arena - Stade Pierre-Mauroy,Lille,Montpellier,78,1:0,Boubakar Kouyaté,Yellow Card,Montpellier,
Ligue 1,Journée 25,2024/2025,08/03/2025,19:00,Jérémie Pignard,Decathlon Arena - Stade Pierre-Mauroy,Lille,Montpellier,84,1:0,Bafodé Diakité,Yellow Card,Lille,
Ligue 1,Journée 25,2024/2025,08/03/2025,19:00,Jérémie Pignard,Decathlon Arena - Stade Pierre-Mauroy,Lille,Montpellier,85,1:0,Wilfried Ndollo pour Falaye Sacko,Substitute,Montpellier,
Ligue 1,Journée 25,2024/2025,08/03/2025,19:00,Jérémie Pignard,Decathlon Arena - Stade Pierre-Mauroy,Lille,Montpellier,86,1:0,Nabil Bentaleb pour Ayyoub Bouaddi,Substitute,Lille,
Ligue 1,Journée 25,2024/2025,08/03/2025,21:05,Thomas Léonard,Orange Vélodrome,Marseille,Lens,46,0:0,Mason Greenwood pour Amar Dedić,Substitute,Marseille,https://fbref.com/fr/matchs/e5496a7e/Marseille-Lens-8-Mars-2025-Ligue-1
Ligue 1,Journée 25,2024/2025,08/03/2025,21:05,Thomas Léonard,Orange Vélodrome,Marseille,Lens,46,0:0,Luis Henrique pour Bilal Nadir,Substitute,Marseille,
Ligue 1,Journée 25,2024/2025,08/03/2025,21:05,Thomas Léonard,Orange Vélodrome,Marseille,Lens,53,0:0,Valentin Rongier,Yellow Card,Marseille,
Ligue 1,Journée 25,2024/2025,08/03/2025,21:05,Thomas Léonard,Orange Vélodrome,Marseille,Lens,60,0:0,Juma Bah,Yellow Card,Lens,
Ligue 1,Journée 25,2024/2025,08/03/2025,21:05,Thomas Léonard,Orange Vélodrome,Marseille,Lens,66,0:0,Anass Zaroury pour Andy Diouf,Substitute,Lens,
Ligue 1,Journée 25,2024/2025,08/03/2025,21:05,Thomas Léonard,Orange Vélodrome,Marseille,Lens,67,0:0,Rayan Fofana pour Wesley Saïd,Substitute,Lens,
Ligue 1,Journée 25,2024/2025,08/03/2025,21:05,Thomas Léonard,Orange Vélodrome,Marseille,Lens,70,0:0,Jon Rowe pour Quentin Merlin,Substitute,Marseille,
Ligue 1,Journée 25,2024/2025,08/03/2025,21:05,Thomas Léonard,Orange Vélodrome,Marseille,Lens,77,0:0,Ismaël Bennacer,Yellow Card,Marseille,
Ligue 1,Journée 25,2024/2025,08/03/2025,21:05,Thomas Léonard,Orange Vélodrome,Marseille,Lens,77,0:0,Neal Maupay pour Ismaël Bennacer,Substitute,Marseille,
Ligue 1,Journée 25,2024/2025,08/03/2025,21:05,Thomas Léonard,Orange Vélodrome,Marseille,Lens,83,0:0,Hamzat Ojediran pour Nampalys Mendy,Substitute,Lens,
Ligue 1,Journée 25,2024/2025,08/03/2025,21:05,Thomas Léonard,Orange Vélodrome,Marseille,Lens,84,0:0,Leonardo Balerdi,Yellow Card,Marseille,
Ligue 1,Journée 25,2024/2025,08/03/2025,21:05,Thomas Léonard,Orange Vélodrome,Marseille,Lens,94,0:1,Neil El Aynaoui - Passe décisive : Deiver Machado,Goal,Lens,
Ligue 1,Journée 25,2024/2025,09/03/2025,15:00,Abdelatif Kherradji,Stade Francis-Le Blé,Brest,Angers,19,1:0,Abdallah Sima - Passe décisive : Mathias Pereira Lage,Goal,Brest,https://fbref.com/fr/matchs/0723e59a/Brest-Angers-9-Mars-2025-Ligue-1
Ligue 1,Journée 25,2024/2025,09/03/2025,15:00,Abdelatif Kherradji,Stade Francis-Le Blé,Brest,Angers,37,1:0,Hugo Magnetti,Yellow Card,Brest,
Ligue 1,Journée 25,2024/2025,09/03/2025,15:00,Abdelatif Kherradji,Stade Francis-Le Blé,Brest,Angers,44,1:0,Romain Faivre pour Abdallah Sima,Substitute,Brest,
Ligue 1,Journée 25,2024/2025,09/03/2025,15:00,Abdelatif Kherradji,Stade Francis-Le Blé,Brest,Angers,60,2:0,Romain Faivre,Goal,Brest,
Ligue 1,Journée 25,2024/2025,09/03/2025,15:00,Abdelatif Kherradji,Stade Francis-Le Blé,Brest,Angers,64,2:0,Ibrahima Niane pour Esteban Lepaul,Substitute,Angers,
Ligue 1,Journée 25,2024/2025,09/03/2025,15:00,Abdelatif Kherradji,Stade Francis-Le Blé,Brest,Angers,64,2:0,Farid El Melali pour Carlens Arcus,Substitute,Angers,
Ligue 1,Journée 25,2024/2025,09/03/2025,15:00,Abdelatif Kherradji,Stade Francis-Le Blé,Brest,Angers,76,2:0,Jacques Ekomie pour Florent Hanin,Substitute,Angers,
Ligue 1,Journée 25,2024/2025,09/03/2025,15:00,Abdelatif Kherradji,Stade Francis-Le Blé,Brest,Angers,76,2:0,Zinedine Ferhat pour Jim Allevinah,Substitute,Angers,
Ligue 1,Journée 25,2024/2025,09/03/2025,15:00,Abdelatif Kherradji,Stade Francis-Le Blé,Brest,Angers,76,2:0,Marius Courcoul pour Lilian Raolisoa,Substitute,Angers,
Ligue 1,Journée 25,2024/2025,09/03/2025,15:00,Abdelatif Kherradji,Stade Francis-Le Blé,Brest,Angers,77,2:0,Abdoulaye Niakhate Ndiaye pour Brendan Chardonnet,Substitute,Brest,
Ligue 1,Journée 25,2024/2025,09/03/2025,15:00,Abdelatif Kherradji,Stade Francis-Le Blé,Brest,Angers,82,2:0,Emmanuel Biumla,Yellow Card,Angers,
Ligue 1,Journée 25,2024/2025,09/03/2025,17:15,Hakim Ben El Hadj Salem,Stade de la Beaujoire - Louis Fonteneau,Nantes,Strasbourg,7,0:0,Mamadou Sarr,Yellow Card,Strasbourg,
Ligue 1,Journée 25,2024/2025,09/03/2025,17:15,Hakim Ben El Hadj Salem,Stade de la Beaujoire - Louis Fonteneau,Nantes,Strasbourg,40,0:0,Douglas,Yellow Card,Nantes,https://fbref.com/fr/matchs/01d100ee/Nantes-Strasbourg-9-Mars-2025-Ligue-1
Ligue 1,Journée 25,2024/2025,09/03/2025,17:15,Hakim Ben El Hadj Salem,Stade de la Beaujoire - Louis Fonteneau,Nantes,Strasbourg,57,0:0,Pedro Chirivella pour Douglas,Substitute,Nantes,
Ligue 1,Journée 25,2024/2025,09/03/2025,17:15,Hakim Ben El Hadj Salem,Stade de la Beaujoire - Louis Fonteneau,Nantes,Strasbourg,70,0:0,Nicolas Cozza pour Marcus Coco,Substitute,Nantes,
Ligue 1,Journée 25,2024/2025,09/03/2025,17:15,Hakim Ben El Hadj Salem,Stade de la Beaujoire - Louis Fonteneau,Nantes,Strasbourg,70,0:0,Moses Simon pour Mostafa Mohamed,Substitute,Nantes,
Ligue 1,Journée 25,2024/2025,09/03/2025,17:15,Hakim Ben El Hadj Salem,Stade de la Beaujoire - Louis Fonteneau,Nantes,Strasbourg,79,0:1,Félix Lemaréchal - Passe décisive : Dilane Bakwa,Goal,Strasbourg,
Ligue 1,Journée 25,2024/2025,09/03/2025,17:15,Hakim Ben El Hadj Salem,Stade de la Beaujoire - Louis Fonteneau,Nantes,Strasbourg,83,0:1,Meschak Elia pour Johann Lepenant,Substitute,Nantes,
Ligue 1,Journée 25,2024/2025,09/03/2025,17:15,Hakim Ben El Hadj Salem,Stade de la Beaujoire - Louis Fonteneau,Nantes,Strasbourg,83,0:1,Bahereba Guirassy pour Sorba Thomas,Substitute,Nantes,
Ligue 1,Journée 25,2024/2025,09/03/2025,17:15,Hakim Ben El Hadj Salem,Stade de la Beaujoire - Louis Fonteneau,Nantes,Strasbourg,86,0:1,Eduard Sobol pour Dilane Bakwa,Substitute,Strasbourg,
Ligue 1,Journée 25,2024/2025,09/03/2025,17:15,Hakim Ben El Hadj Salem,Stade de la Beaujoire - Louis Fonteneau,Nantes,Strasbourg,90,0:1,Pape Daouda Diongue pour Sebastian Nanasi,Substitute,Strasbourg,
Ligue 1,Journée 25,2024/2025,09/03/2025,17:15,Hakim Ben El Hadj Salem,Stade de la Beaujoire - Louis Fonteneau,Nantes,Strasbourg,95,0:1,Sekou Mara pour Emanuel Emegha,Substitute,Strasbourg,
Ligue 1,Journée 25,2024/2025,09/03/2025,17:15,Romain Lissorgue,Stade Auguste-Delaune,Reims,Auxerre,15,0:1,Theo Bair - Passe décisive : Gaëtan Perrin,Goal,Auxerre,
Ligue 1,Journée 25,2024/2025,09/03/2025,17:15,Romain Lissorgue,Stade Auguste-Delaune,Reims,Auxerre,24,0:2,Hamed Junior Traorè,Goal,Auxerre,
Ligue 1,Journée 25,2024/2025,09/03/2025,17:15,Romain Lissorgue,Stade Auguste-Delaune,Reims,Auxerre,31,0:2,Hamed Junior Traorè,Yellow Card,Auxerre,
Ligue 1,Journée 25,2024/2025,09/03/2025,17:15,Romain Lissorgue,Stade Auguste-Delaune,Reims,Auxerre,46,0:2,Mamadou Diakhon pour Teddy Teuma,Substitute,Reims,https://fbref.com/fr/matchs/5a7ff7ce/Reims-Auxerre-9-Mars-2025-Ligue-1
Ligue 1,Journée 25,2024/2025,09/03/2025,17:15,Romain Lissorgue,Stade Auguste-Delaune,Reims,Auxerre,66,0:2,Hafiz Ibrahim pour Oumar Diakité,Substitute,Reims,
Ligue 1,Journée 25,2024/2025,09/03/2025,17:15,Romain Lissorgue,Stade Auguste-Delaune,Reims,Auxerre,66,0:2,Amadou Koné pour John Joe,Substitute,Reims,
Ligue 1,Journée 25,2024/2025,09/03/2025,17:15,Romain Lissorgue,Stade Auguste-Delaune,Reims,Auxerre,67,0:2,Sergio Akieme,Yellow Card,Reims,
Ligue 1,Journée 25,2024/2025,09/03/2025,17:15,Romain Lissorgue,Stade Auguste-Delaune,Reims,Auxerre,74,0:2,Ado Onaiwu pour Hamed Junior Traorè,Substitute,Auxerre,
Ligue 1,Journée 25,2024/2025,09/03/2025,17:15,Romain Lissorgue,Stade Auguste-Delaune,Reims,Auxerre,74,0:2,Lassine Sinayoko pour Theo Bair,Substitute,Auxerre,
Ligue 1,Journée 25,2024/2025,09/03/2025,17:15,Romain Lissorgue,Stade Auguste-Delaune,Reims,Auxerre,80,0:2,Paul Joly pour Ki-Jana Hoever,Substitute,Auxerre,
Ligue 1,Journée 25,2024/2025,09/03/2025,17:15,Romain Lissorgue,Stade Auguste-Delaune,Reims,Auxerre,86,0:2,Han-Noah Massengo pour Gaëtan Perrin,Substitute,Auxerre,
Ligue 1,Journée 25,2024/2025,09/03/2025,17:15,Romain Lissorgue,Stade Auguste-Delaune,Reims,Auxerre,86,0:2,Nhoa Sangui pour Sergio Akieme,Substitute,Reims,
Ligue 1,Journée 25,2024/2025,09/03/2025,17:15,Romain Lissorgue,Stade Auguste-Delaune,Reims,Auxerre,90,0:2,Ange Martial Tia pour Valentin Atangana Edoa,Substitute,Reims,
Ligue 1,Journée 25,2024/2025,09/03/2025,17:15,Clément Turpin,Stade Océane,Le Havre,Saint-Étienne,10,0:1,Lucas Stassin,Goal,Saint-Étienne,
Ligue 1,Journée 25,2024/2025,09/03/2025,17:15,Clément Turpin,Stade Océane,Le Havre,Saint-Étienne,16,0:1,Yanis Zouaoui pour Fodé Ballo-Touré,Substitute,Le Havre,https://fbref.com/fr/matchs/7055dbbe/Le-Havre-Saint-Etienne-9-Mars-2025-Ligue-1
Ligue 1,Journée 25,2024/2025,09/03/2025,17:15,Clément Turpin,Stade Océane,Le Havre,Saint-Étienne,22,0:1,Gautier Lloris,Yellow Card,Le Havre,
Ligue 1,Journée 25,2024/2025,09/03/2025,17:15,Clément Turpin,Stade Océane,Le Havre,Saint-Étienne,32,0:1,Yanis Zouaoui,Yellow Card,Le Havre,
Ligue 1,Journée 25,2024/2025,09/03/2025,17:15,Clément Turpin,Stade Océane,Le Havre,Saint-Étienne,46,1:1,Abdoulaye Touré - Pénalty arrêté par Gautier Larsonneur,Pénalty arrêté,Le Havre,
Ligue 1,Journée 25,2024/2025,09/03/2025,17:15,Clément Turpin,Stade Océane,Le Havre,Saint-Étienne,46,1:1,Abdoulaye Touré,Goal,Le Havre,
Ligue 1,Journée 25,2024/2025,09/03/2025,17:15,Clément Turpin,Stade Océane,Le Havre,Saint-Étienne,48,1:1,Irvin Cardona,Yellow Card,Saint-Étienne,
Ligue 1,Journée 25,2024/2025,09/03/2025,17:15,Clément Turpin,Stade Océane,Le Havre,Saint-Étienne,50,1:1,Aimen Moueffek,Yellow Card,Saint-Étienne,
Ligue 1,Journée 25,2024/2025,09/03/2025,17:15,Clément Turpin,Stade Océane,Le Havre,Saint-Étienne,61,1:1,Florian Tardieu pour Aimen Moueffek,Substitute,Saint-Étienne,
Ligue 1,Journée 25,2024/2025,09/03/2025,17:15,Clément Turpin,Stade Océane,Le Havre,Saint-Étienne,67,1:1,André Ayew pour Mahamadou Diawara,Substitute,Le Havre,
Ligue 1,Journée 25,2024/2025,09/03/2025,17:15,Clément Turpin,Stade Océane,Le Havre,Saint-Étienne,67,1:1,Antoine Joujou pour Koka,Substitute,Le Havre,
Ligue 1,Journée 25,2024/2025,09/03/2025,17:15,Clément Turpin,Stade Océane,Le Havre,Saint-Étienne,82,1:1,Lamine Fomba pour Benjamin Bouchouari,Substitute,Saint-Étienne,
Ligue 1,Journée 25,2024/2025,09/03/2025,17:15,Clément Turpin,Stade Océane,Le Havre,Saint-Étienne,85,1:1,Timothee Pembele pour Issa Soumaré,Substitute,Le Havre,
Ligue 1,Journée 25,2024/2025,09/03/2025,17:15,Clément Turpin,Stade Océane,Le Havre,Saint-Étienne,85,1:1,Rassoul Ndiaye pour Josué Casimir,Substitute,Le Havre,
Ligue 1,Journée 25,2024/2025,09/03/2025,17:15,Clément Turpin,Stade Océane,Le Havre,Saint-Étienne,90,1:1,Dennis Appiah pour Yvann Macon,Substitute,Saint-Étienne,
Ligue 1,Journée 25,2024/2025,09/03/2025,17:15,Clément Turpin,Stade Océane,Le Havre,Saint-Étienne,91,1:1,Ibrahim Sissoko pour Lucas Stassin,Substitute,Saint-Étienne,
Ligue 1,Journée 25,2024/2025,09/03/2025,17:15,Clément Turpin,Stade Océane,Le Havre,Saint-Étienne,94,1:1,Lamine Fomba,Yellow Card,Saint-Étienne,
Ligue 1,Journée 25,2024/2025,09/03/2025,20:45,Benoît Bastien,Allianz Riviera,Nice,Lyon,4,0:0,Sael Kumbedi,Yellow Card,Lyon,
Ligue 1,Journée 25,2024/2025,09/03/2025,20:45,Benoît Bastien,Allianz Riviera,Nice,Lyon,46,0:0,Ainsley Maitland-Niles pour Sael Kumbedi,Substitute,Lyon,
Ligue 1,Journée 25,2024/2025,09/03/2025,20:45,Benoît Bastien,Allianz Riviera,Nice,Lyon,66,0:0,Sofiane Diop pour Mohamed Ali Cho,Substitute,Nice,https://fbref.com/fr/matchs/29e9616d/Nice-Lyon-9-Mars-2025-Ligue-1
Ligue 1,Journée 25,2024/2025,09/03/2025,20:45,Benoît Bastien,Allianz Riviera,Nice,Lyon,66,0:0,Ernest Nuamah pour Malick Fofana,Substitute,Lyon,
Ligue 1,Journée 25,2024/2025,09/03/2025,20:45,Benoît Bastien,Allianz Riviera,Nice,Lyon,72,0:0,Youssouf Ndayishimiye,Yellow Card,Nice,
Ligue 1,Journée 25,2024/2025,09/03/2025,20:45,Benoît Bastien,Allianz Riviera,Nice,Lyon,77,0:0,Pablo Rosario pour Hicham Boudaoui,Substitute,Nice,
Ligue 1,Journée 25,2024/2025,09/03/2025,20:45,Benoît Bastien,Allianz Riviera,Nice,Lyon,77,0:0,Rayan Cherki pour Nemanja Matić,Substitute,Lyon,
Ligue 1,Journée 25,2024/2025,09/03/2025,20:45,Benoît Bastien,Allianz Riviera,Nice,Lyon,77,0:0,Jeremie Boga pour Gaëtan Laborde,Substitute,Nice,
Ligue 1,Journée 25,2024/2025,09/03/2025,20:45,Benoît Bastien,Allianz Riviera,Nice,Lyon,77,0:0,Georges Mikautadze pour Alexandre Lacazette,Substitute,Lyon,
Ligue 1,Journée 25,2024/2025,09/03/2025,20:45,Benoît Bastien,Allianz Riviera,Nice,Lyon,78,0:1,Rayan Cherki - Passe décisive : Thiago Almada,Goal,Lyon,
Ligue 1,Journée 25,2024/2025,09/03/2025,20:45,Benoît Bastien,Allianz Riviera,Nice,Lyon,83,0:2,Ernest Nuamah - Passe décisive : Thiago Almada,Goal,Lyon,
Ligue 1,Journée 25,2024/2025,09/03/2025,20:45,Benoît Bastien,Allianz Riviera,Nice,Lyon,84,0:2,Badredine Bouanani pour Moïse Bombito,Substitute,Nice,
Ligue 1,Journée 25,2024/2025,09/03/2025,20:45,Benoît Bastien,Allianz Riviera,Nice,Lyon,84,0:2,Ali Abdi pour Melvin Bard,Substitute,Nice,
Ligue 1,Journée 25,2024/2025,09/03/2025,20:45,Benoît Bastien,Allianz Riviera,Nice,Lyon,89,0:2,Jordan Veretout pour Thiago Almada,Substitute,Lyon,
Ligue 1,Journée 25,2024/2025,09/03/2025,20:45,Benoît Bastien,Allianz Riviera,Nice,Lyon,95,0:2,Corentin Tolisso,Yellow Card,Lyon,
Ligue 1,Journée 26,2024/2025,14/03/2025,20:45,Abdelatif Kherradji,Allianz Riviera,Nice,Auxerre,29,0:0,Kévin Danois,Yellow Card,Auxerre,
Ligue 1,Journée 26,2024/2025,14/03/2025,20:45,Abdelatif Kherradji,Allianz Riviera,Nice,Auxerre,37,1:0,Evann Guessand - Passe décisive : Gaëtan Laborde,Goal,Nice,https://fbref.com/fr/matchs/e91c00b1/Nice-Auxerre-14-Mars-2025-Ligue-1
Ligue 1,Journée 26,2024/2025,14/03/2025,20:45,Abdelatif Kherradji,Allianz Riviera,Nice,Auxerre,63,1:0,Lassine Sinayoko pour Hamed Junior Traorè,Substitute,Auxerre,
Ligue 1,Journée 26,2024/2025,14/03/2025,20:45,Abdelatif Kherradji,Allianz Riviera,Nice,Auxerre,63,1:0,Fredrik Oppegard pour Theo Bair,Substitute,Auxerre,
Ligue 1,Journée 26,2024/2025,14/03/2025,20:45,Abdelatif Kherradji,Allianz Riviera,Nice,Auxerre,63,1:0,Florian Ayé pour Gideon Mensah,Substitute,Auxerre,
Ligue 1,Journée 26,2024/2025,14/03/2025,20:45,Abdelatif Kherradji,Allianz Riviera,Nice,Auxerre,68,1:0,Pablo Rosario pour Baptiste Santamaria,Substitute,Nice,
Ligue 1,Journée 26,2024/2025,14/03/2025,20:45,Abdelatif Kherradji,Allianz Riviera,Nice,Auxerre,68,1:0,Mohamed Ali Cho pour Sofiane Diop,Substitute,Nice,
Ligue 1,Journée 26,2024/2025,14/03/2025,20:45,Abdelatif Kherradji,Allianz Riviera,Nice,Auxerre,71,1:0,Elisha Owusu,Yellow Card,Auxerre,
Ligue 1,Journée 26,2024/2025,14/03/2025,20:45,Abdelatif Kherradji,Allianz Riviera,Nice,Auxerre,76,1:0,Han-Noah Massengo pour Sinaly Diomande,Substitute,Auxerre,
Ligue 1,Journée 26,2024/2025,14/03/2025,20:45,Abdelatif Kherradji,Allianz Riviera,Nice,Auxerre,76,1:0,Ado Onaiwu pour Elisha Owusu,Substitute,Auxerre,
Ligue 1,Journée 26,2024/2025,14/03/2025,20:45,Abdelatif Kherradji,Allianz Riviera,Nice,Auxerre,81,1:0,Pablo Rosario,Yellow Card,Nice,
Ligue 1,Journée 26,2024/2025,14/03/2025,20:45,Abdelatif Kherradji,Allianz Riviera,Nice,Auxerre,83,1:0,Jeremie Boga pour Gaëtan Laborde,Substitute,Nice,
Ligue 1,Journée 26,2024/2025,14/03/2025,20:45,Abdelatif Kherradji,Allianz Riviera,Nice,Auxerre,84,1:0,Antoine Mendy pour Tom Louchet,Substitute,Nice,
Ligue 1,Journée 26,2024/2025,14/03/2025,20:45,Abdelatif Kherradji,Allianz Riviera,Nice,Auxerre,86,1:0,Han-Noah Massengo,Yellow Card,Auxerre,
Ligue 1,Journée 26,2024/2025,14/03/2025,20:45,Abdelatif Kherradji,Allianz Riviera,Nice,Auxerre,87,1:0,Melvin Bard,Red Card,Nice,
Ligue 1,Journée 26,2024/2025,14/03/2025,20:45,Abdelatif Kherradji,Allianz Riviera,Nice,Auxerre,90,1:0,Ali Abdi pour Evann Guessand,Substitute,Nice,
Ligue 1,Journée 26,2024/2025,14/03/2025,20:45,Abdelatif Kherradji,Allianz Riviera,Nice,Auxerre,94,1:1,Florian Ayé - Passe décisive : Ado Onaiwu,Goal,Auxerre,
Ligue 1,Journée 26,2024/2025,15/03/2025,17:00,Benoît Millot,Stade de la Beaujoire - Louis Fonteneau,Nantes,Lille,12,0:0,Pedro Chirivella,Yellow Card,Nantes,https://fbref.com/fr/matchs/e91d94ec/Nantes-Lille-15-Mars-2025-Ligue-1
Ligue 1,Journée 26,2024/2025,15/03/2025,17:00,Benoît Millot,Stade de la Beaujoire - Louis Fonteneau,Nantes,Lille,54,0:0,Moses Simon,Yellow Card,Nantes,
Ligue 1,Journée 26,2024/2025,15/03/2025,17:00,Benoît Millot,Stade de la Beaujoire - Louis Fonteneau,Nantes,Lille,57,0:0,Aïssa Mandi,Yellow Card,Lille,
Ligue 1,Journée 26,2024/2025,15/03/2025,17:00,Benoît Millot,Stade de la Beaujoire - Louis Fonteneau,Nantes,Lille,62,0:0,Chuba Akpom pour Osame Sahraoui,Substitute,Lille,
Ligue 1,Journée 26,2024/2025,15/03/2025,17:00,Benoît Millot,Stade de la Beaujoire - Louis Fonteneau,Nantes,Lille,66,0:0,Hákon Arnar Haraldsson,Yellow Card,Lille,
Ligue 1,Journée 26,2024/2025,15/03/2025,17:00,Benoît Millot,Stade de la Beaujoire - Louis Fonteneau,Nantes,Lille,67,0:0,Mitchel Bakker,Yellow Card,Lille,
Ligue 1,Journée 26,2024/2025,15/03/2025,17:00,Benoît Millot,Stade de la Beaujoire - Louis Fonteneau,Nantes,Lille,70,0:0,Mostafa Mohamed pour Sorba Thomas,Substitute,Nantes,
Ligue 1,Journée 26,2024/2025,15/03/2025,17:00,Benoît Millot,Stade de la Beaujoire - Louis Fonteneau,Nantes,Lille,70,0:0,Francis Coquelin pour Louis Leroux,Substitute,Nantes,
Ligue 1,Journée 26,2024/2025,15/03/2025,17:00,Benoît Millot,Stade de la Beaujoire - Louis Fonteneau,Nantes,Lille,73,0:0,Ismaily pour Gabriel Gudmundsson,Substitute,Lille,
Ligue 1,Journée 26,2024/2025,15/03/2025,17:00,Benoît Millot,Stade de la Beaujoire - Louis Fonteneau,Nantes,Lille,73,0:0,Matias Fernandez-Pardo pour Hákon Arnar Haraldsson,Substitute,Lille,
Ligue 1,Journée 26,2024/2025,15/03/2025,17:00,Benoît Millot,Stade de la Beaujoire - Louis Fonteneau,Nantes,Lille,74,0:0,Jean-Charles Castelletto,Red Card,Nantes,
Ligue 1,Journée 26,2024/2025,15/03/2025,17:00,Benoît Millot,Stade de la Beaujoire - Louis Fonteneau,Nantes,Lille,77,0:0,Nicolas Pallois pour Pedro Chirivella,Substitute,Nantes,
Ligue 1,Journée 26,2024/2025,15/03/2025,17:00,Benoît Millot,Stade de la Beaujoire - Louis Fonteneau,Nantes,Lille,83,1:0,Mostafa Mohamed - Passe décisive : Moses Simon,Goal,Nantes,
Ligue 1,Journée 26,2024/2025,15/03/2025,17:00,Benoît Millot,Stade de la Beaujoire - Louis Fonteneau,Nantes,Lille,85,1:0,Rémy Cabella pour Mitchel Bakker,Substitute,Lille,
Ligue 1,Journée 26,2024/2025,15/03/2025,17:00,Benoît Millot,Stade de la Beaujoire - Louis Fonteneau,Nantes,Lille,92,1:0,Johann Lepenant pour Moses Simon,Substitute,Nantes,
Ligue 1,Journée 26,2024/2025,15/03/2025,17:00,Benoît Millot,Stade de la Beaujoire - Louis Fonteneau,Nantes,Lille,93,1:0,Sékou Doucoure pour Matthis Abline,Substitute,Nantes,
Ligue 1,Journée 26,2024/2025,15/03/2025,19:00,Willy Delajod,Stade Raymond Kopa,Angers,Monaco,43,0:0,Caio Henrique Oliveira Silva,Yellow Card,Monaco,
Ligue 1,Journée 26,2024/2025,15/03/2025,19:00,Willy Delajod,Stade Raymond Kopa,Angers,Monaco,46,0:0,Breel Embolo pour Eliesse Ben Seghir,Substitute,Monaco,
Ligue 1,Journée 26,2024/2025,15/03/2025,19:00,Willy Delajod,Stade Raymond Kopa,Angers,Monaco,46,0:0,Lamine Camara pour Almoatasem Al Musrati,Substitute,Monaco,
Ligue 1,Journée 26,2024/2025,15/03/2025,19:00,Willy Delajod,Stade Raymond Kopa,Angers,Monaco,52,0:0,Himad Abdelli,Yellow Card,Angers,https://fbref.com/fr/matchs/ccd56c5d/Angers-Monaco-15-Mars-2025-Ligue-1
Ligue 1,Journée 26,2024/2025,15/03/2025,19:00,Willy Delajod,Stade Raymond Kopa,Angers,Monaco,67,0:0,Farid El Melali pour Jim Allevinah,Substitute,Angers,
Ligue 1,Journée 26,2024/2025,15/03/2025,19:00,Willy Delajod,Stade Raymond Kopa,Angers,Monaco,68,0:0,Takumi Minamino,Yellow Card,Monaco,
Ligue 1,Journée 26,2024/2025,15/03/2025,19:00,Willy Delajod,Stade Raymond Kopa,Angers,Monaco,68,0:0,Krépin Diatta pour Vanderson,Substitute,Monaco,
Ligue 1,Journée 26,2024/2025,15/03/2025,19:00,Willy Delajod,Stade Raymond Kopa,Angers,Monaco,77,0:1,Mika Biereth - Passe décisive : Caio Henrique Oliveira Silva,Goal,Monaco,
Ligue 1,Journée 26,2024/2025,15/03/2025,19:00,Willy Delajod,Stade Raymond Kopa,Angers,Monaco,82,0:1,Christian Mawissa pour Caio Henrique Oliveira Silva,Substitute,Monaco,
Ligue 1,Journée 26,2024/2025,15/03/2025,19:00,Willy Delajod,Stade Raymond Kopa,Angers,Monaco,84,0:1,Pierrick Capelle pour Yassin Belkhdim,Substitute,Angers,
Ligue 1,Journée 26,2024/2025,15/03/2025,19:00,Willy Delajod,Stade Raymond Kopa,Angers,Monaco,84,0:1,Bamba Dieng pour Esteban Lepaul,Substitute,Angers,
Ligue 1,Journée 26,2024/2025,15/03/2025,19:00,Willy Delajod,Stade Raymond Kopa,Angers,Monaco,84,0:1,Marius Courcoul pour Carlens Arcus,Substitute,Angers,
Ligue 1,Journée 26,2024/2025,15/03/2025,19:00,Willy Delajod,Stade Raymond Kopa,Angers,Monaco,86,0:1,Ibrahima Niane pour Haris Belkebla,Substitute,Angers,
Ligue 1,Journée 26,2024/2025,15/03/2025,19:00,Willy Delajod,Stade Raymond Kopa,Angers,Monaco,88,0:2,Maghnes Akliouche (Pen),Goal score,Monaco,
Ligue 1,Journée 26,2024/2025,15/03/2025,19:00,Willy Delajod,Stade Raymond Kopa,Angers,Monaco,91,0:2,Mohammed Salisu pour Mika Biereth,Substitute,Monaco,
Ligue 1,Journée 26,2024/2025,15/03/2025,21:05,Stéphanie Frappart,Stade Bollaert-Delelis,Lens,Rennes,21,0:0,Azor Matusiwa,Yellow Card,Rennes,
Ligue 1,Journée 26,2024/2025,15/03/2025,21:05,Stéphanie Frappart,Stade Bollaert-Delelis,Lens,Rennes,46,0:0,M'Bala Nzola pour Jeremy Agbonifo,Substitute,Lens,https://fbref.com/fr/matchs/e042d34f/Lens-Rennes-15-Mars-2025-Ligue-1
Ligue 1,Journée 26,2024/2025,15/03/2025,21:05,Stéphanie Frappart,Stade Bollaert-Delelis,Lens,Rennes,47,1:0,Wesley Saïd - Passe décisive : Neil El Aynaoui,Goal,Lens,
Ligue 1,Journée 26,2024/2025,15/03/2025,21:05,Stéphanie Frappart,Stade Bollaert-Delelis,Lens,Rennes,62,1:0,Ismaël Koné pour Jordan James,Substitute,Rennes,
Ligue 1,Journée 26,2024/2025,15/03/2025,21:05,Stéphanie Frappart,Stade Bollaert-Delelis,Lens,Rennes,66,1:0,Adrien Thomasson pour Nampalys Mendy,Substitute,Lens,
Ligue 1,Journée 26,2024/2025,15/03/2025,21:05,Stéphanie Frappart,Stade Bollaert-Delelis,Lens,Rennes,69,1:0,Neil El Aynaoui,Yellow Card,Lens,
Ligue 1,Journée 26,2024/2025,15/03/2025,21:05,Stéphanie Frappart,Stade Bollaert-Delelis,Lens,Rennes,70,1:0,Kyogo Furuhashi pour Arnaud Kalimuendo,Substitute,Rennes,
Ligue 1,Journée 26,2024/2025,15/03/2025,21:05,Stéphanie Frappart,Stade Bollaert-Delelis,Lens,Rennes,87,1:0,Andy Diouf pour Wesley Saïd,Substitute,Lens,
Ligue 1,Journée 26,2024/2025,15/03/2025,21:05,Stéphanie Frappart,Stade Bollaert-Delelis,Lens,Rennes,88,1:0,Malang Sarr pour Jonathan Gradit,Substitute,Lens,
Ligue 1,Journée 26,2024/2025,15/03/2025,21:05,Stéphanie Frappart,Stade Bollaert-Delelis,Lens,Rennes,89,1:0,Kazeem Olaigbe pour Azor Matusiwa,Substitute,Rennes,
Ligue 1,Journée 26,2024/2025,16/03/2025,15:00,Bastien Dechepy,Groupama Stadium,Lyon,Le Havre,22,1:0,Alexandre Lacazette (Pen),Goal score,Lyon,https://fbref.com/fr/matchs/4876084b/Lyon-Le-Havre-16-Mars-2025-Ligue-1
Ligue 1,Journée 26,2024/2025,16/03/2025,15:00,Bastien Dechepy,Groupama Stadium,Lyon,Le Havre,31,1:1,Abdoulaye Touré (Pen),Goal score,Le Havre,
Ligue 1,Journée 26,2024/2025,16/03/2025,15:00,Bastien Dechepy,Groupama Stadium,Lyon,Le Havre,37,1:1,Nemanja Matić,Yellow Card,Lyon,
Ligue 1,Journée 26,2024/2025,16/03/2025,15:00,Bastien Dechepy,Groupama Stadium,Lyon,Le Havre,46,1:2,Tanner Tessmann pour Nemanja Matić,Substitute,Lyon,
Ligue 1,Journée 26,2024/2025,16/03/2025,15:00,Bastien Dechepy,Groupama Stadium,Lyon,Le Havre,46,1:2,Josué Casimir - Passe décisive : Issa Soumaré,Goal,Le Havre,
Ligue 1,Journée 26,2024/2025,16/03/2025,15:00,Bastien Dechepy,Groupama Stadium,Lyon,Le Havre,55,1:2,Ernest Nuamah,Yellow Card,Lyon,
Ligue 1,Journée 26,2024/2025,16/03/2025,15:00,Bastien Dechepy,Groupama Stadium,Lyon,Le Havre,63,1:2,Mathieu Gorgelin,Yellow Card,Le Havre,
Ligue 1,Journée 26,2024/2025,16/03/2025,15:00,Bastien Dechepy,Groupama Stadium,Lyon,Le Havre,66,1:2,Loïc Nego,Yellow Card,Le Havre,
Ligue 1,Journée 26,2024/2025,16/03/2025,15:00,Bastien Dechepy,Groupama Stadium,Lyon,Le Havre,71,1:2,Rassoul Ndiaye pour Yassine Kechta,Substitute,Le Havre,
Ligue 1,Journée 26,2024/2025,16/03/2025,15:00,Bastien Dechepy,Groupama Stadium,Lyon,Le Havre,71,1:2,Koka pour Issa Soumaré,Substitute,Le Havre,
Ligue 1,Journée 26,2024/2025,16/03/2025,15:00,Bastien Dechepy,Groupama Stadium,Lyon,Le Havre,71,1:2,Malick Fofana pour Ernest Nuamah,Substitute,Lyon,
Ligue 1,Journée 26,2024/2025,16/03/2025,15:00,Bastien Dechepy,Groupama Stadium,Lyon,Le Havre,71,1:2,Antoine Joujou pour André Ayew,Substitute,Le Havre,
Ligue 1,Journée 26,2024/2025,16/03/2025,15:00,Bastien Dechepy,Groupama Stadium,Lyon,Le Havre,77,1:2,Georges Mikautadze pour Rayan Cherki,Substitute,Lyon,
Ligue 1,Journée 26,2024/2025,16/03/2025,15:00,Bastien Dechepy,Groupama Stadium,Lyon,Le Havre,78,2:2,Malick Fofana - Passe décisive : Georges Mikautadze,Goal,Lyon,
Ligue 1,Journée 26,2024/2025,16/03/2025,15:00,Bastien Dechepy,Groupama Stadium,Lyon,Le Havre,82,3:2,Georges Mikautadze,Goal,Lyon,
Ligue 1,Journée 26,2024/2025,16/03/2025,15:00,Bastien Dechepy,Groupama Stadium,Lyon,Le Havre,84,3:2,Abdoulaye Touré,Yellow Card,Le Havre,
Ligue 1,Journée 26,2024/2025,16/03/2025,15:00,Bastien Dechepy,Groupama Stadium,Lyon,Le Havre,86,3:2,Jordan Veretout pour Alexandre Lacazette,Substitute,Lyon,
Ligue 1,Journée 26,2024/2025,16/03/2025,15:00,Bastien Dechepy,Groupama Stadium,Lyon,Le Havre,92,3:2,Ilyes Housni pour Abdoulaye Touré,Substitute,Le Havre,
Ligue 1,Journée 26,2024/2025,16/03/2025,15:00,Bastien Dechepy,Groupama Stadium,Lyon,Le Havre,96,4:2,Thiago Almada - Passe décisive : Georges Mikautadze,Goal,Lyon,
Ligue 1,Journée 26,2024/2025,16/03/2025,17:15,François Letexier,Stade de la Mosson-Mondial 98,Montpellier,Saint-Étienne,7,0:0,Zuriko Davitashvili,Yellow Card,Saint-Étienne,
Ligue 1,Journée 26,2024/2025,16/03/2025,17:15,François Letexier,Stade de la Mosson-Mondial 98,Montpellier,Saint-Étienne,9,0:0,Maxime Bernauer,Yellow Card,Saint-Étienne,
Ligue 1,Journée 26,2024/2025,16/03/2025,17:15,François Letexier,Stade de la Mosson-Mondial 98,Montpellier,Saint-Étienne,11,0:1,Lucas Stassin - Passe décisive : Irvin Cardona,Goal,Saint-Étienne,
Ligue 1,Journée 26,2024/2025,16/03/2025,17:15,François Letexier,Stade de la Mosson-Mondial 98,Montpellier,Saint-Étienne,16,0:1,Téji Savanier,Yellow Card,Montpellier,https://fbref.com/fr/matchs/15ee650c/Montpellier-Saint-Etienne-16-Mars-2025-Ligue-1
Ligue 1,Journée 26,2024/2025,16/03/2025,17:15,François Letexier,Stade de la Mosson-Mondial 98,Montpellier,Saint-Étienne,45,0:1,Maxime Bernauer,Second Yellow Card,Saint-Étienne,
Ligue 1,Journée 26,2024/2025,16/03/2025,17:15,François Letexier,Stade de la Mosson-Mondial 98,Montpellier,Saint-Étienne,46,0:1,Wahbi Khazri pour Rabby Nzingoula,Substitute,Montpellier,
Ligue 1,Journée 26,2024/2025,16/03/2025,17:15,François Letexier,Stade de la Mosson-Mondial 98,Montpellier,Saint-Étienne,46,0:1,Issiaga Sylla pour Théo Sainte-Luce,Substitute,Montpellier,
Ligue 1,Journée 26,2024/2025,16/03/2025,17:15,François Letexier,Stade de la Mosson-Mondial 98,Montpellier,Saint-Étienne,46,0:1,Yunis Abdelhamid pour Benjamin Bouchouari,Substitute,Saint-Étienne,
Ligue 1,Journée 26,2024/2025,16/03/2025,17:15,François Letexier,Stade de la Mosson-Mondial 98,Montpellier,Saint-Étienne,53,0:2,Lucas Stassin - Passe décisive : Zuriko Davitashvili,Goal,Saint-Étienne,
Ligue 1,Journée 26,2024/2025,16/03/2025,17:15,Jérôme Brisard,Stade Francis-Le Blé,Brest,Reims,3,0:0,Keito Nakamura,Yellow Card,Reims,
Ligue 1,Journée 26,2024/2025,16/03/2025,17:15,Jérôme Brisard,Stade Francis-Le Blé,Brest,Reims,19,0:0,Valentin Atangana Edoa,Yellow Card,Reims,
Ligue 1,Journée 26,2024/2025,16/03/2025,17:15,Jérôme Brisard,Stade Francis-Le Blé,Brest,Reims,61,0:0,Kamory Doumbia pour Hugo Magnetti,Substitute,Brest,https://fbref.com/fr/matchs/28e7c1e6/Brest-Reims-16-Mars-2025-Ligue-1
Ligue 1,Journée 26,2024/2025,16/03/2025,17:15,Jérôme Brisard,Stade Francis-Le Blé,Brest,Reims,64,0:0,Junya Ito pour Mamadou Diakhon,Substitute,Reims,
Ligue 1,Journée 26,2024/2025,16/03/2025,17:15,Jérôme Brisard,Stade Francis-Le Blé,Brest,Reims,69,0:0,John Joe pour Amadou Koné,Substitute,Reims,
Ligue 1,Journée 26,2024/2025,16/03/2025,17:15,Jérôme Brisard,Stade Francis-Le Blé,Brest,Reims,70,0:0,Oumar Diakité pour Hafiz Ibrahim,Substitute,Reims,
Ligue 1,Journée 26,2024/2025,16/03/2025,17:15,Jérôme Brisard,Stade Francis-Le Blé,Brest,Reims,76,0:0,Kamory Doumbia,Yellow Card,Brest,
Ligue 1,Journée 26,2024/2025,16/03/2025,17:15,Jérôme Brisard,Stade Francis-Le Blé,Brest,Reims,77,0:0,Hamidou Makalou pour Romain Faivre,Substitute,Brest,
Ligue 1,Journée 26,2024/2025,16/03/2025,17:15,Jérôme Brisard,Stade Francis-Le Blé,Brest,Reims,77,0:0,Edimilson Fernandes pour Mahdi Camara,Substitute,Brest,
Ligue 1,Journée 26,2024/2025,16/03/2025,17:15,Jérôme Brisard,Stade Francis-Le Blé,Brest,Reims,85,0:0,Hiroki Sekine,Yellow Card,Reims,
Ligue 1,Journée 26,2024/2025,16/03/2025,17:15,Jérôme Brisard,Stade Francis-Le Blé,Brest,Reims,88,0:0,Sérigné Diop pour Mathias Pereira Lage,Substitute,Brest,
Ligue 1,Journée 26,2024/2025,16/03/2025,17:15,Jérôme Brisard,Stade Francis-Le Blé,Brest,Reims,91,0:0,Massadio Haïdara,Red Card,Brest,
Ligue 1,Journée 26,2024/2025,16/03/2025,17:15,Florent Batta,Stade de la Meinau,Strasbourg,Toulouse,3,0:1,Frank Magri,Goal,Toulouse,
Ligue 1,Journée 26,2024/2025,16/03/2025,17:15,Florent Batta,Stade de la Meinau,Strasbourg,Toulouse,24,0:1,Frank Magri,Yellow Card,Toulouse,
Ligue 1,Journée 26,2024/2025,16/03/2025,17:15,Florent Batta,Stade de la Meinau,Strasbourg,Toulouse,28,0:1,Cristian Cásseres Jr.,Yellow Card,Toulouse,
Ligue 1,Journée 26,2024/2025,16/03/2025,17:15,Florent Batta,Stade de la Meinau,Strasbourg,Toulouse,47,1:1,Félix Lemaréchal - Passe décisive : Diego Moreira,Goal,Strasbourg,https://fbref.com/fr/matchs/30de0ad9/Strasbourg-Toulouse-16-Mars-2025-Ligue-1
Ligue 1,Journée 26,2024/2025,16/03/2025,17:15,Florent Batta,Stade de la Meinau,Strasbourg,Toulouse,54,2:1,Andrey Santos - Passe décisive : Félix Lemaréchal,Goal,Strasbourg,
Ligue 1,Journée 26,2024/2025,16/03/2025,17:15,Florent Batta,Stade de la Meinau,Strasbourg,Toulouse,66,2:1,Rafik Messali pour Yann Gboho,Substitute,Toulouse,
Ligue 1,Journée 26,2024/2025,16/03/2025,17:15,Florent Batta,Stade de la Meinau,Strasbourg,Toulouse,76,2:1,Joshua King pour Djibril Sidibé,Substitute,Toulouse,
Ligue 1,Journée 26,2024/2025,16/03/2025,17:15,Florent Batta,Stade de la Meinau,Strasbourg,Toulouse,77,2:1,Noah Edjouma pour Shavy Babicka,Substitute,Toulouse,
Ligue 1,Journée 26,2024/2025,16/03/2025,17:15,Florent Batta,Stade de la Meinau,Strasbourg,Toulouse,79,2:1,Eduard Sobol pour Samuel Amo-Ameyaw,Substitute,Strasbourg,
Ligue 1,Journée 26,2024/2025,16/03/2025,17:15,Florent Batta,Stade de la Meinau,Strasbourg,Toulouse,83,2:1,Thomas Delaine pour Félix Lemaréchal,Substitute,Strasbourg,
Ligue 1,Journée 26,2024/2025,16/03/2025,17:15,Florent Batta,Stade de la Meinau,Strasbourg,Toulouse,85,2:1,Miha Zajc pour Cristian Cásseres Jr.,Substitute,Toulouse,
Ligue 1,Journée 26,2024/2025,16/03/2025,17:15,Florent Batta,Stade de la Meinau,Strasbourg,Toulouse,87,2:1,Pape Daouda Diongue pour Sebastian Nanasi,Substitute,Strasbourg,
Ligue 1,Journée 26,2024/2025,16/03/2025,17:15,Florent Batta,Stade de la Meinau,Strasbourg,Toulouse,88,2:1,Sekou Mara pour Emanuel Emegha,Substitute,Strasbourg,
Ligue 1,Journée 26,2024/2025,16/03/2025,20:45,Clément Turpin,Parc des Princes,Paris Saint-Germain,Marseille,17,1:0,Ousmane Dembélé - Passe décisive : Fabián Ruiz Peña,Goal,Paris Saint-Germain,https://fbref.com/fr/matchs/ff08b7d1/Paris-Saint-Germain-Marseille-16-Mars-2025-Ligue-1
Ligue 1,Journée 26,2024/2025,16/03/2025,20:45,Clément Turpin,Parc des Princes,Paris Saint-Germain,Marseille,26,1:0,Nuno Mendes,Yellow Card,Paris Saint-Germain,
Ligue 1,Journée 26,2024/2025,16/03/2025,20:45,Clément Turpin,Parc des Princes,Paris Saint-Germain,Marseille,42,2:0,Nuno Mendes - Passe décisive : Fabián Ruiz Peña,Goal,Paris Saint-Germain,
Ligue 1,Journée 26,2024/2025,16/03/2025,20:45,Clément Turpin,Parc des Princes,Paris Saint-Germain,Marseille,51,2:1,Amine Gouiri - Passe décisive : Adrien Rabiot,Goal,Marseille,
Ligue 1,Journée 26,2024/2025,16/03/2025,20:45,Clément Turpin,Parc des Princes,Paris Saint-Germain,Marseille,63,2:1,Pol Lirola pour Luiz Felipe,Substitute,Marseille,
Ligue 1,Journée 26,2024/2025,16/03/2025,20:45,Clément Turpin,Parc des Princes,Paris Saint-Germain,Marseille,63,2:1,Quentin Merlin pour Amar Dedić,Substitute,Marseille,
Ligue 1,Journée 26,2024/2025,16/03/2025,20:45,Clément Turpin,Parc des Princes,Paris Saint-Germain,Marseille,63,2:1,Mason Greenwood pour Bilal Nadir,Substitute,Marseille,
Ligue 1,Journée 26,2024/2025,16/03/2025,20:45,Clément Turpin,Parc des Princes,Paris Saint-Germain,Marseille,64,2:1,Bradley Barcola pour Warren Zaïre-Emery,Substitute,Paris Saint-Germain,
Ligue 1,Journée 26,2024/2025,16/03/2025,20:45,Clément Turpin,Parc des Princes,Paris Saint-Germain,Marseille,72,2:1,João Neves pour Désiré Doué,Substitute,Paris Saint-Germain,
Ligue 1,Journée 26,2024/2025,16/03/2025,20:45,Clément Turpin,Parc des Princes,Paris Saint-Germain,Marseille,76,3:1,Pol LirolaBut contre son camp,Substitute,Paris Saint-Germain,
Ligue 1,Journée 26,2024/2025,16/03/2025,20:45,Clément Turpin,Parc des Princes,Paris Saint-Germain,Marseille,80,3:1,Lee Kang-in pour Ousmane Dembélé,Substitute,Paris Saint-Germain,
Ligue 1,Journée 26,2024/2025,16/03/2025,20:45,Clément Turpin,Parc des Princes,Paris Saint-Germain,Marseille,80,3:1,Lucas Hernández pour Khvicha Kvaratskhelia,Substitute,Paris Saint-Germain,
Ligue 1,Journée 26,2024/2025,16/03/2025,20:45,Clément Turpin,Parc des Princes,Paris Saint-Germain,Marseille,84,3:1,Neal Maupay pour Valentin Rongier,Substitute,Marseille,
Ligue 1,Journée 26,2024/2025,16/03/2025,20:45,Clément Turpin,Parc des Princes,Paris Saint-Germain,Marseille,89,3:1,Darryl Bakola pour Geoffrey Kondogbia,Substitute,Marseille,
Ligue 1,Journée 27,2024/2025,28/03/2025,20:45,Romain Lissorgue,Stade de la Meinau,Strasbourg,Lyon,55,1:0,Andrey Santos - Passe décisive : Dilane Bakwa,Goal,Strasbourg,https://fbref.com/fr/matchs/e4da6424/Strasbourg-Lyon-28-Mars-2025-Ligue-1
Ligue 1,Journée 27,2024/2025,28/03/2025,20:45,Romain Lissorgue,Stade de la Meinau,Strasbourg,Lyon,60,2:0,Dilane Bakwa - Passe décisive : Guela Doué,Goal,Strasbourg,
Ligue 1,Journée 27,2024/2025,28/03/2025,20:45,Romain Lissorgue,Stade de la Meinau,Strasbourg,Lyon,62,2:1,Corentin Tolisso,Goal,Lyon,
Ligue 1,Journée 27,2024/2025,28/03/2025,20:45,Romain Lissorgue,Stade de la Meinau,Strasbourg,Lyon,66,2:1,Andrey Santos,Yellow Card,Strasbourg,
Ligue 1,Journée 27,2024/2025,28/03/2025,20:45,Romain Lissorgue,Stade de la Meinau,Strasbourg,Lyon,70,2:1,Thiago Almada pour Jordan Veretout,Substitute,Lyon,
Ligue 1,Journée 27,2024/2025,28/03/2025,20:45,Romain Lissorgue,Stade de la Meinau,Strasbourg,Lyon,70,2:1,Samuel Amo-Ameyaw pour Sebastian Nanasi,Substitute,Strasbourg,
Ligue 1,Journée 27,2024/2025,28/03/2025,20:45,Romain Lissorgue,Stade de la Meinau,Strasbourg,Lyon,73,3:1,Emanuel Emegha - Passe décisive : Valentín Barco,Goal,Strasbourg,
Ligue 1,Journée 27,2024/2025,28/03/2025,20:45,Romain Lissorgue,Stade de la Meinau,Strasbourg,Lyon,78,3:1,Alexandre Lacazette pour Ernest Nuamah,Substitute,Lyon,
Ligue 1,Journée 27,2024/2025,28/03/2025,20:45,Romain Lissorgue,Stade de la Meinau,Strasbourg,Lyon,82,3:1,Emanuel Emegha,Yellow Card,Strasbourg,
Ligue 1,Journée 27,2024/2025,28/03/2025,20:45,Romain Lissorgue,Stade de la Meinau,Strasbourg,Lyon,82,3:1,Rayan Cherki,Yellow Card,Lyon,
Ligue 1,Journée 27,2024/2025,28/03/2025,20:45,Romain Lissorgue,Stade de la Meinau,Strasbourg,Lyon,83,3:1,Tanner Tessmann,Yellow Card,Lyon,
Ligue 1,Journée 27,2024/2025,28/03/2025,20:45,Romain Lissorgue,Stade de la Meinau,Strasbourg,Lyon,85,3:1,Nemanja Matić pour Tanner Tessmann,Substitute,Lyon,
Ligue 1,Journée 27,2024/2025,28/03/2025,20:45,Romain Lissorgue,Stade de la Meinau,Strasbourg,Lyon,85,3:1,Nicolás Tagliafico pour Abner,Substitute,Lyon,
Ligue 1,Journée 27,2024/2025,28/03/2025,20:45,Romain Lissorgue,Stade de la Meinau,Strasbourg,Lyon,89,4:1,Samuel Amo-Ameyaw,Goal,Strasbourg,
Ligue 1,Journée 27,2024/2025,28/03/2025,20:45,Romain Lissorgue,Stade de la Meinau,Strasbourg,Lyon,90,4:1,Thomas Delaine pour Dilane Bakwa,Substitute,Strasbourg,
Ligue 1,Journée 27,2024/2025,28/03/2025,20:45,Romain Lissorgue,Stade de la Meinau,Strasbourg,Lyon,94,4:1,Abakar Sylla pour Valentín Barco,Substitute,Strasbourg,
Ligue 1,Journée 27,2024/2025,28/03/2025,20:45,Romain Lissorgue,Stade de la Meinau,Strasbourg,Lyon,94,4:1,Sekou Mara pour Emanuel Emegha,Substitute,Strasbourg,
Ligue 1,Journée 27,2024/2025,28/03/2025,20:45,Romain Lissorgue,Stade de la Meinau,Strasbourg,Lyon,96,4:2,Georges Mikautadze (Pen),Goal score,Lyon,
Ligue 1,Journée 27,2024/2025,29/03/2025,17:00,Willy Delajod,Stade Auguste-Delaune,Reims,Marseille,29,1:0,Keito Nakamura - Passe décisive : Mamadou Diakhon,Goal,Reims,https://fbref.com/fr/matchs/e3656ea1/Reims-Marseille-29-Mars-2025-Ligue-1
Ligue 1,Journée 27,2024/2025,29/03/2025,17:00,Willy Delajod,Stade Auguste-Delaune,Reims,Marseille,34,1:0,Neal Maupay pour Leonardo Balerdi,Substitute,Marseille,
Ligue 1,Journée 27,2024/2025,29/03/2025,17:00,Willy Delajod,Stade Auguste-Delaune,Reims,Marseille,46,1:0,Ismaël Bennacer pour Pol Lirola,Substitute,Marseille,
Ligue 1,Journée 27,2024/2025,29/03/2025,17:00,Willy Delajod,Stade Auguste-Delaune,Reims,Marseille,46,1:0,Amar Dedić pour Quentin Merlin,Substitute,Marseille,
Ligue 1,Journée 27,2024/2025,29/03/2025,17:00,Willy Delajod,Stade Auguste-Delaune,Reims,Marseille,51,2:0,Mamadou Diakhon - Passe décisive : Keito Nakamura,Goal,Reims,
Ligue 1,Journée 27,2024/2025,29/03/2025,17:00,Willy Delajod,Stade Auguste-Delaune,Reims,Marseille,59,2:0,Hafiz Ibrahim pour Mamadou Diakhon,Substitute,Reims,
Ligue 1,Journée 27,2024/2025,29/03/2025,17:00,Willy Delajod,Stade Auguste-Delaune,Reims,Marseille,68,3:0,Valentin Atangana Edoa - Passe décisive : Hafiz Ibrahim,Goal,Reims,
Ligue 1,Journée 27,2024/2025,29/03/2025,17:00,Willy Delajod,Stade Auguste-Delaune,Reims,Marseille,73,3:0,John Joe pour Amadou Koné,Substitute,Reims,
Ligue 1,Journée 27,2024/2025,29/03/2025,17:00,Willy Delajod,Stade Auguste-Delaune,Reims,Marseille,73,3:0,Hiroki Sekine pour Aurélio Buta,Substitute,Reims,
Ligue 1,Journée 27,2024/2025,29/03/2025,17:00,Willy Delajod,Stade Auguste-Delaune,Reims,Marseille,78,3:1,Valentin Rongier - Passe décisive : Luis Henrique,Goal,Marseille,
Ligue 1,Journée 27,2024/2025,29/03/2025,17:00,Willy Delajod,Stade Auguste-Delaune,Reims,Marseille,79,3:1,Jon Rowe pour Geoffrey Kondogbia,Substitute,Marseille,
Ligue 1,Journée 27,2024/2025,29/03/2025,17:00,Willy Delajod,Stade Auguste-Delaune,Reims,Marseille,79,3:1,Ulisses Garcia pour Amine Gouiri,Substitute,Marseille,
Ligue 1,Journée 27,2024/2025,29/03/2025,19:00,Jeremy Stinat,Stade Geoffroy-Guichard,Saint-Étienne,Paris Saint-Germain,9,1:0,Lucas Stassin - Passe décisive : Zuriko Davitashvili,Goal,Saint-Étienne,https://fbref.com/fr/matchs/f44d3b12/Saint-Etienne-Paris-Saint-Germain-29-Mars-2025-Ligue-1
Ligue 1,Journée 27,2024/2025,29/03/2025,19:00,Jeremy Stinat,Stade Geoffroy-Guichard,Saint-Étienne,Paris Saint-Germain,26,1:0,Benjamin Bouchouari,Yellow Card,Saint-Étienne,
Ligue 1,Journée 27,2024/2025,29/03/2025,19:00,Jeremy Stinat,Stade Geoffroy-Guichard,Saint-Étienne,Paris Saint-Germain,43,1:1,Gonçalo Ramos (Pen),Goal score Yellow Card,Paris Saint-Germain,
Ligue 1,Journée 27,2024/2025,29/03/2025,19:00,Jeremy Stinat,Stade Geoffroy-Guichard,Saint-Étienne,Paris Saint-Germain,50,1:2,Khvicha Kvaratskhelia,Goal,Paris Saint-Germain,
Ligue 1,Journée 27,2024/2025,29/03/2025,19:00,Jeremy Stinat,Stade Geoffroy-Guichard,Saint-Étienne,Paris Saint-Germain,53,1:3,Désiré Doué - Passe décisive : Bradley Barcola,Goal,Paris Saint-Germain,
Ligue 1,Journée 27,2024/2025,29/03/2025,19:00,Jeremy Stinat,Stade Geoffroy-Guichard,Saint-Étienne,Paris Saint-Germain,57,1:3,Vitinha pour Warren Zaïre-Emery,Substitute,Paris Saint-Germain,
Ligue 1,Journée 27,2024/2025,29/03/2025,19:00,Jeremy Stinat,Stade Geoffroy-Guichard,Saint-Étienne,Paris Saint-Germain,62,1:4,João Neves,Goal,Paris Saint-Germain,
Ligue 1,Journée 27,2024/2025,29/03/2025,19:00,Jeremy Stinat,Stade Geoffroy-Guichard,Saint-Étienne,Paris Saint-Germain,63,1:4,Louis Mouton pour Florian Tardieu,Substitute,Saint-Étienne,
Ligue 1,Journée 27,2024/2025,29/03/2025,19:00,Jeremy Stinat,Stade Geoffroy-Guichard,Saint-Étienne,Paris Saint-Germain,63,1:4,Ben Old pour Zuriko Davitashvili,Substitute,Saint-Étienne,
Ligue 1,Journée 27,2024/2025,29/03/2025,19:00,Jeremy Stinat,Stade Geoffroy-Guichard,Saint-Étienne,Paris Saint-Germain,64,1:4,Ousmane Dembélé pour Khvicha Kvaratskhelia,Substitute,Paris Saint-Germain,
Ligue 1,Journée 27,2024/2025,29/03/2025,19:00,Jeremy Stinat,Stade Geoffroy-Guichard,Saint-Étienne,Paris Saint-Germain,64,1:4,Nuno Mendes pour Willian Pacho,Substitute,Paris Saint-Germain,
Ligue 1,Journée 27,2024/2025,29/03/2025,19:00,Jeremy Stinat,Stade Geoffroy-Guichard,Saint-Étienne,Paris Saint-Germain,66,1:5,Désiré Doué - Passe décisive : Fabián Ruiz Peña,Goal,Paris Saint-Germain,
Ligue 1,Journée 27,2024/2025,29/03/2025,19:00,Jeremy Stinat,Stade Geoffroy-Guichard,Saint-Étienne,Paris Saint-Germain,68,1:5,Yvann Macon,Yellow Card,Saint-Étienne,
Ligue 1,Journée 27,2024/2025,29/03/2025,19:00,Jeremy Stinat,Stade Geoffroy-Guichard,Saint-Étienne,Paris Saint-Germain,78,1:5,Ibrahima Wadji pour Lucas Stassin,Substitute,Saint-Étienne,
Ligue 1,Journée 27,2024/2025,29/03/2025,19:00,Jeremy Stinat,Stade Geoffroy-Guichard,Saint-Étienne,Paris Saint-Germain,78,1:5,Aimen Moueffek pour Irvin Cardona,Substitute,Saint-Étienne,
Ligue 1,Journée 27,2024/2025,29/03/2025,19:00,Jeremy Stinat,Stade Geoffroy-Guichard,Saint-Étienne,Paris Saint-Germain,78,1:5,Ibrahim Mbaye pour Gonçalo Ramos,Substitute,Paris Saint-Germain,
Ligue 1,Journée 27,2024/2025,29/03/2025,19:00,Jeremy Stinat,Stade Geoffroy-Guichard,Saint-Étienne,Paris Saint-Germain,78,1:5,Presnel Kimpembe pour Lucas Beraldo,Substitute,Paris Saint-Germain,
Ligue 1,Journée 27,2024/2025,29/03/2025,19:00,Jeremy Stinat,Stade Geoffroy-Guichard,Saint-Étienne,Paris Saint-Germain,90,1:6,Dennis Appiah pour Yvann Macon,Substitute,Saint-Étienne,
Ligue 1,Journée 27,2024/2025,29/03/2025,19:00,Jeremy Stinat,Stade Geoffroy-Guichard,Saint-Étienne,Paris Saint-Germain,90,1:6,Ibrahim Mbaye - Passe décisive : Bradley Barcola,Goal,Paris Saint-Germain,
Ligue 1,Journée 27,2024/2025,29/03/2025,21:05,Jérôme Brisard,Stade Louis II,Monaco,Nice,5,0:0,Mika Biereth - Pénalty arrêté par Marcin Bułka,Pénalty arrêté,Monaco,https://fbref.com/fr/matchs/b5952890/Monaco-Nice-29-Mars-2025-Ligue-1
Ligue 1,Journée 27,2024/2025,29/03/2025,21:05,Jérôme Brisard,Stade Louis II,Monaco,Nice,27,0:0,Breel Embolo,Yellow Card,Monaco,
Ligue 1,Journée 27,2024/2025,29/03/2025,21:05,Jérôme Brisard,Stade Louis II,Monaco,Nice,41,0:1,Jeremie Boga - Passe décisive : Jonathan Clauss,Goal,Nice,
Ligue 1,Journée 27,2024/2025,29/03/2025,21:05,Jérôme Brisard,Stade Louis II,Monaco,Nice,45,0:1,Jonathan Clauss,Yellow Card,Nice,
Ligue 1,Journée 27,2024/2025,29/03/2025,21:05,Jérôme Brisard,Stade Louis II,Monaco,Nice,51,0:1,Christian Mawissa,Yellow Card,Monaco,
Ligue 1,Journée 27,2024/2025,29/03/2025,21:05,Jérôme Brisard,Stade Louis II,Monaco,Nice,55,1:1,Mika Biereth - Passe décisive : Maghnes Akliouche,Goal,Monaco,
Ligue 1,Journée 27,2024/2025,29/03/2025,21:05,Jérôme Brisard,Stade Louis II,Monaco,Nice,67,1:1,Gaëtan Laborde pour Mohamed Ali Cho,Substitute,Nice,
Ligue 1,Journée 27,2024/2025,29/03/2025,21:05,Jérôme Brisard,Stade Louis II,Monaco,Nice,67,1:1,Hicham Boudaoui pour Pablo Rosario,Substitute,Nice,
Ligue 1,Journée 27,2024/2025,29/03/2025,21:05,Jérôme Brisard,Stade Louis II,Monaco,Nice,72,1:1,Baptiste Santamaria,Yellow Card,Nice,
Ligue 1,Journée 27,2024/2025,29/03/2025,21:05,Jérôme Brisard,Stade Louis II,Monaco,Nice,73,2:1,Breel Embolo - Passe décisive : Maghnes Akliouche,Goal,Monaco,
Ligue 1,Journée 27,2024/2025,29/03/2025,21:05,Jérôme Brisard,Stade Louis II,Monaco,Nice,76,2:1,Folarin Balogun pour Mika Biereth,Substitute,Monaco,
Ligue 1,Journée 27,2024/2025,29/03/2025,21:05,Jérôme Brisard,Stade Louis II,Monaco,Nice,76,2:1,Tom Louchet pour Ali Abdi,Substitute,Nice,
Ligue 1,Journée 27,2024/2025,29/03/2025,21:05,Jérôme Brisard,Stade Louis II,Monaco,Nice,76,2:1,Sofiane Diop pour Moïse Bombito,Substitute,Nice,
Ligue 1,Journée 27,2024/2025,29/03/2025,21:05,Jérôme Brisard,Stade Louis II,Monaco,Nice,82,2:1,Terem Moffi pour Baptiste Santamaria,Substitute,Nice,
Ligue 1,Journée 27,2024/2025,29/03/2025,21:05,Jérôme Brisard,Stade Louis II,Monaco,Nice,84,2:1,Krépin Diatta pour Takumi Minamino,Substitute,Monaco,
Ligue 1,Journée 27,2024/2025,29/03/2025,21:05,Jérôme Brisard,Stade Louis II,Monaco,Nice,84,2:1,Aleksandr Golovin pour Breel Embolo,Substitute,Monaco,
Ligue 1,Journée 27,2024/2025,29/03/2025,21:05,Jérôme Brisard,Stade Louis II,Monaco,Nice,87,2:1,Hicham Boudaoui,Yellow Card,Nice,
Ligue 1,Journée 27,2024/2025,29/03/2025,21:05,Jérôme Brisard,Stade Louis II,Monaco,Nice,87,2:1,Gaëtan Laborde,Yellow Card,Nice,
Ligue 1,Journée 27,2024/2025,29/03/2025,21:05,Jérôme Brisard,Stade Louis II,Monaco,Nice,89,2:1,Almoatasem Al Musrati pour Lamine Camara,Substitute,Monaco,
Ligue 1,Journée 27,2024/2025,29/03/2025,21:05,Jérôme Brisard,Stade Louis II,Monaco,Nice,91,2:1,Dante,Red Card,Nice,
Ligue 1,Journée 27,2024/2025,30/03/2025,15:00,Hakim Ben El Hadj Salem,Stadium de Toulouse,Toulouse,Brest,22,0:1,Justin Bourgault,Goal,Brest,
Ligue 1,Journée 27,2024/2025,30/03/2025,15:00,Hakim Ben El Hadj Salem,Stadium de Toulouse,Toulouse,Brest,24,0:1,Kenny Lala,Yellow Card,Brest,
Ligue 1,Journée 27,2024/2025,30/03/2025,15:00,Hakim Ben El Hadj Salem,Stadium de Toulouse,Toulouse,Brest,26,0:2,Mathias Pereira Lage - Passe décisive : Kamory Doumbia,Goal,Brest,
Ligue 1,Journée 27,2024/2025,30/03/2025,15:00,Hakim Ben El Hadj Salem,Stadium de Toulouse,Toulouse,Brest,28,0:2,Pierre Lees-Melou,Yellow Card,Brest,
Ligue 1,Journée 27,2024/2025,30/03/2025,15:00,Hakim Ben El Hadj Salem,Stadium de Toulouse,Toulouse,Brest,46,0:2,Luc Zogbé pour Justin Bourgault,Substitute,Brest,
Ligue 1,Journée 27,2024/2025,30/03/2025,15:00,Hakim Ben El Hadj Salem,Stadium de Toulouse,Toulouse,Brest,46,0:2,Shavy Babicka pour Rafik Messali,Substitute,Toulouse,https://fbref.com/fr/matchs/b33c5901/Toulouse-Brest-30-Mars-2025-Ligue-1
Ligue 1,Journée 27,2024/2025,30/03/2025,15:00,Hakim Ben El Hadj Salem,Stadium de Toulouse,Toulouse,Brest,62,0:3,Kamory Doumbia,Goal,Brest,
Ligue 1,Journée 27,2024/2025,30/03/2025,15:00,Hakim Ben El Hadj Salem,Stadium de Toulouse,Toulouse,Brest,64,0:3,Romain Del Castillo pour Mama Samba Baldé,Substitute,Brest,
Ligue 1,Journée 27,2024/2025,30/03/2025,15:00,Hakim Ben El Hadj Salem,Stadium de Toulouse,Toulouse,Brest,65,1:3,Vincent Sierro - Passe décisive : Yann Gboho,Goal,Toulouse,
Ligue 1,Journée 27,2024/2025,30/03/2025,15:00,Hakim Ben El Hadj Salem,Stadium de Toulouse,Toulouse,Brest,68,1:3,Mathias Pereira Lage,Yellow Card,Brest,
Ligue 1,Journée 27,2024/2025,30/03/2025,15:00,Hakim Ben El Hadj Salem,Stadium de Toulouse,Toulouse,Brest,71,1:3,Noah Edjouma pour Gabriel Suazo,Substitute,Toulouse,
Ligue 1,Journée 27,2024/2025,30/03/2025,15:00,Hakim Ben El Hadj Salem,Stadium de Toulouse,Toulouse,Brest,74,1:3,Edimilson Fernandes pour Kamory Doumbia,Substitute,Brest,
Ligue 1,Journée 27,2024/2025,30/03/2025,15:00,Hakim Ben El Hadj Salem,Stadium de Toulouse,Toulouse,Brest,78,2:3,Miha Zajc pour Cristian Cásseres Jr.,Substitute,Toulouse,
Ligue 1,Journée 27,2024/2025,30/03/2025,15:00,Hakim Ben El Hadj Salem,Stadium de Toulouse,Toulouse,Brest,78,2:3,Joshua King - Passe décisive : Charlie Cresswell,Goal,Toulouse,
Ligue 1,Journée 27,2024/2025,30/03/2025,15:00,Hakim Ben El Hadj Salem,Stadium de Toulouse,Toulouse,Brest,86,2:3,Marco Bizot,Yellow Card,Brest,
Ligue 1,Journée 27,2024/2025,30/03/2025,15:00,Hakim Ben El Hadj Salem,Stadium de Toulouse,Toulouse,Brest,87,2:3,Luc Zogbé,Yellow Card,Brest,
Ligue 1,Journée 27,2024/2025,30/03/2025,15:00,Hakim Ben El Hadj Salem,Stadium de Toulouse,Toulouse,Brest,90,2:4,Mahdi Camara - Passe décisive : Mathias Pereira Lage,Goal,Brest,
Ligue 1,Journée 27,2024/2025,30/03/2025,15:00,Hakim Ben El Hadj Salem,Stadium de Toulouse,Toulouse,Brest,94,2:4,Jaydee Canvot pour Aron Dønnum,Substitute,Toulouse,
Ligue 1,Journée 27,2024/2025,30/03/2025,15:00,Hakim Ben El Hadj Salem,Stadium de Toulouse,Toulouse,Brest,94,2:4,Waren Kamanzi pour Djibril Sidibé,Substitute,Toulouse,
Ligue 1,Journée 27,2024/2025,30/03/2025,17:15,Eric Wattellier,Stade Océane,Le Havre,Nantes,13,1:0,Abdoulaye Touré (Pen),Goal score,Le Havre,https://fbref.com/fr/matchs/a48ef3f0/Le-Havre-Nantes-30-Mars-2025-Ligue-1
Ligue 1,Journée 27,2024/2025,30/03/2025,17:15,Eric Wattellier,Stade Océane,Le Havre,Nantes,18,1:0,Timothee Pembele,Yellow Card,Le Havre,
Ligue 1,Journée 27,2024/2025,30/03/2025,17:15,Eric Wattellier,Stade Océane,Le Havre,Nantes,23,1:1,Saidou Sow - Passe décisive : Nicolas Pallois,Goal,Nantes,
Ligue 1,Journée 27,2024/2025,30/03/2025,17:15,Eric Wattellier,Stade Océane,Le Havre,Nantes,27,2:1,Abdoulaye Touré (Pen),Goal score Goal,Le Havre,
Ligue 1,Journée 27,2024/2025,30/03/2025,17:15,Eric Wattellier,Stade Océane,Le Havre,Nantes,44,2:1,Sorba Thomas pour Pedro Chirivella,Substitute,Nantes,
Ligue 1,Journée 27,2024/2025,30/03/2025,17:15,Eric Wattellier,Stade Océane,Le Havre,Nantes,48,2:2,Moses Simon - Passe décisive : Matthis Abline,Goal,Nantes,
Ligue 1,Journée 27,2024/2025,30/03/2025,17:15,Eric Wattellier,Stade Océane,Le Havre,Nantes,62,2:2,Etienne Youte Kinkoue pour Arouna Sangante,Substitute,Le Havre,
Ligue 1,Journée 27,2024/2025,30/03/2025,17:15,Eric Wattellier,Stade Océane,Le Havre,Nantes,62,2:2,Mahamadou Diawara pour André Ayew,Substitute,Le Havre,
Ligue 1,Journée 27,2024/2025,30/03/2025,17:15,Eric Wattellier,Stade Océane,Le Havre,Nantes,64,2:2,Sorba Thomas,Yellow Card,Nantes,
Ligue 1,Journée 27,2024/2025,30/03/2025,17:15,Eric Wattellier,Stade Océane,Le Havre,Nantes,73,2:2,Koka pour Issa Soumaré,Substitute,Le Havre,
Ligue 1,Journée 27,2024/2025,30/03/2025,17:15,Eric Wattellier,Stade Océane,Le Havre,Nantes,73,2:2,Antoine Joujou pour Yassine Kechta,Substitute,Le Havre,
Ligue 1,Journée 27,2024/2025,30/03/2025,17:15,Eric Wattellier,Stade Océane,Le Havre,Nantes,79,2:2,Louis Leroux pour Mostafa Mohamed,Substitute,Nantes,
Ligue 1,Journée 27,2024/2025,30/03/2025,17:15,Eric Wattellier,Stade Océane,Le Havre,Nantes,84,2:2,Rassoul Ndiaye pour Abdoulaye Touré,Substitute,Le Havre,
Ligue 1,Journée 27,2024/2025,30/03/2025,17:15,Eric Wattellier,Stade Océane,Le Havre,Nantes,88,3:2,Timothee Pembele,Goal,Le Havre,
Ligue 1,Journée 27,2024/2025,30/03/2025,17:15,Eric Wattellier,Stade Océane,Le Havre,Nantes,91,3:2,Meschak Elia pour Johann Lepenant,Substitute,Nantes,
Ligue 1,Journée 27,2024/2025,30/03/2025,17:15,Eric Wattellier,Stade Océane,Le Havre,Nantes,93,3:2,Nicolas Pallois,Yellow Card,Nantes,
Ligue 1,Journée 27,2024/2025,30/03/2025,17:15,Marc Bollengier,Stade de l'Abbé Deschamps,Auxerre,Montpellier,18,0:0,Elisha Owusu,Yellow Card,Auxerre,https://fbref.com/fr/matchs/dea614ff/Auxerre-Montpellier-30-Mars-2025-Ligue-1
Ligue 1,Journée 27,2024/2025,30/03/2025,17:15,Marc Bollengier,Stade de l'Abbé Deschamps,Auxerre,Montpellier,35,0:0,Clément Akpa,Yellow Card,Auxerre,
Ligue 1,Journée 27,2024/2025,30/03/2025,17:15,Marc Bollengier,Stade de l'Abbé Deschamps,Auxerre,Montpellier,46,0:0,Han-Noah Massengo pour Elisha Owusu,Substitute,Auxerre,
Ligue 1,Journée 27,2024/2025,30/03/2025,17:15,Marc Bollengier,Stade de l'Abbé Deschamps,Auxerre,Montpellier,46,0:0,Lassine Sinayoko pour Theo Bair,Substitute,Auxerre,
Ligue 1,Journée 27,2024/2025,30/03/2025,17:15,Marc Bollengier,Stade de l'Abbé Deschamps,Auxerre,Montpellier,47,0:0,Bamo Meïté,Yellow Card,Montpellier,
Ligue 1,Journée 27,2024/2025,30/03/2025,17:15,Marc Bollengier,Stade de l'Abbé Deschamps,Auxerre,Montpellier,66,0:0,Andy Delort pour Othmane Maamma,Substitute,Montpellier,
Ligue 1,Journée 27,2024/2025,30/03/2025,17:15,Marc Bollengier,Stade de l'Abbé Deschamps,Auxerre,Montpellier,72,0:0,Yael Mouanga pour Bamo Meïté,Substitute,Montpellier,
Ligue 1,Journée 27,2024/2025,30/03/2025,17:15,Marc Bollengier,Stade de l'Abbé Deschamps,Auxerre,Montpellier,72,0:0,Khalil Fayad pour Nicolas Pays,Substitute,Montpellier,
Ligue 1,Journée 27,2024/2025,30/03/2025,17:15,Marc Bollengier,Stade de l'Abbé Deschamps,Auxerre,Montpellier,72,0:0,Rabby Nzingoula pour Joris Chotard,Substitute,Montpellier,
Ligue 1,Journée 27,2024/2025,30/03/2025,17:15,Marc Bollengier,Stade de l'Abbé Deschamps,Auxerre,Montpellier,77,0:0,Florian Ayé pour Clément Akpa,Substitute,Auxerre,
Ligue 1,Journée 27,2024/2025,30/03/2025,17:15,Marc Bollengier,Stade de l'Abbé Deschamps,Auxerre,Montpellier,77,0:0,Gideon Mensah pour Fredrik Oppegard,Substitute,Auxerre,
Ligue 1,Journée 27,2024/2025,30/03/2025,17:15,Marc Bollengier,Stade de l'Abbé Deschamps,Auxerre,Montpellier,78,0:0,Han-Noah Massengo,Yellow Card,Auxerre,
Ligue 1,Journée 27,2024/2025,30/03/2025,17:15,Marc Bollengier,Stade de l'Abbé Deschamps,Auxerre,Montpellier,82,1:0,Florian Ayé - Passe décisive : Ki-Jana Hoever,Goal,Auxerre,
Ligue 1,Journée 27,2024/2025,30/03/2025,17:15,Marc Bollengier,Stade de l'Abbé Deschamps,Auxerre,Montpellier,86,1:0,Wahbi Khazri pour Jordan Ferri,Substitute,Montpellier,
Ligue 1,Journée 27,2024/2025,30/03/2025,17:15,Marc Bollengier,Stade de l'Abbé Deschamps,Auxerre,Montpellier,87,1:0,Paul Joly pour Ki-Jana Hoever,Substitute,Auxerre,
Ligue 1,Journée 27,2024/2025,30/03/2025,17:15,Thomas Léonard,Stade Raymond Kopa,Angers,Rennes,13,0:1,Arnaud Kalimuendo - Passe décisive : Kazeem Olaigbe,Goal,Rennes,
Ligue 1,Journée 27,2024/2025,30/03/2025,17:15,Thomas Léonard,Stade Raymond Kopa,Angers,Rennes,31,0:1,Pierrick Capelle pour Haris Belkebla,Substitute,Angers,https://fbref.com/fr/matchs/ea71bfda/Angers-Rennes-30-Mars-2025-Ligue-1
Ligue 1,Journée 27,2024/2025,30/03/2025,17:15,Thomas Léonard,Stade Raymond Kopa,Angers,Rennes,51,0:1,Pierrick Capelle,Yellow Card,Angers,
Ligue 1,Journée 27,2024/2025,30/03/2025,17:15,Thomas Léonard,Stade Raymond Kopa,Angers,Rennes,63,0:1,Ismaël Koné pour Seko Fofana,Substitute,Rennes,
Ligue 1,Journée 27,2024/2025,30/03/2025,17:15,Thomas Léonard,Stade Raymond Kopa,Angers,Rennes,64,0:1,Azor Matusiwa pour Kazeem Olaigbe,Substitute,Rennes,
Ligue 1,Journée 27,2024/2025,30/03/2025,17:15,Thomas Léonard,Stade Raymond Kopa,Angers,Rennes,70,0:2,Ismaël Koné - Passe décisive : Arnaud Kalimuendo,Goal,Rennes,
Ligue 1,Journée 27,2024/2025,30/03/2025,17:15,Thomas Léonard,Stade Raymond Kopa,Angers,Rennes,71,0:2,Lilian Raolisoa pour Carlens Arcus,Substitute,Angers,
Ligue 1,Journée 27,2024/2025,30/03/2025,17:15,Thomas Léonard,Stade Raymond Kopa,Angers,Rennes,71,0:2,Zinédine Ould Khaled pour Jean-Eudes Aholou,Substitute,Angers,
Ligue 1,Journée 27,2024/2025,30/03/2025,17:15,Thomas Léonard,Stade Raymond Kopa,Angers,Rennes,71,0:2,Bamba Dieng pour Jim Allevinah,Substitute,Angers,
Ligue 1,Journée 27,2024/2025,30/03/2025,17:15,Thomas Léonard,Stade Raymond Kopa,Angers,Rennes,76,0:2,Zinedine Ferhat pour Yassin Belkhdim,Substitute,Angers,
Ligue 1,Journée 27,2024/2025,30/03/2025,17:15,Thomas Léonard,Stade Raymond Kopa,Angers,Rennes,91,0:2,Jordan James pour Djaoui Cissé,Substitute,Rennes,
Ligue 1,Journée 27,2024/2025,30/03/2025,17:15,Thomas Léonard,Stade Raymond Kopa,Angers,Rennes,91,0:2,Kyogo Furuhashi pour Mohamed Meité,Substitute,Rennes,
Ligue 1,Journée 27,2024/2025,30/03/2025,17:15,Thomas Léonard,Stade Raymond Kopa,Angers,Rennes,91,0:2,Christopher Wooh pour Lilian Brassier,Substitute,Rennes,
Ligue 1,Journée 27,2024/2025,30/03/2025,17:15,Thomas Léonard,Stade Raymond Kopa,Angers,Rennes,95,0:3,Arnaud Kalimuendo - Passe décisive : Ismaël Koné,Goal,Rennes,
Ligue 1,Journée 27,2024/2025,30/03/2025,20:45,Mathieu Vernice,Decathlon Arena - Stade Pierre-Mauroy,Lille,Lens,19,1:0,Matias Fernandez-Pardo,Goal,Lille,https://fbref.com/fr/matchs/64b7845b/Lille-Lens-30-Mars-2025-Ligue-1
Ligue 1,Journée 27,2024/2025,30/03/2025,20:45,Mathieu Vernice,Decathlon Arena - Stade Pierre-Mauroy,Lille,Lens,22,1:0,Ruben Aguilar,Yellow Card,Lens,
Ligue 1,Journée 27,2024/2025,30/03/2025,20:45,Mathieu Vernice,Decathlon Arena - Stade Pierre-Mauroy,Lille,Lens,51,1:0,Neil El Aynaoui,Yellow Card,Lens,
Ligue 1,Journée 27,2024/2025,30/03/2025,20:45,Mathieu Vernice,Decathlon Arena - Stade Pierre-Mauroy,Lille,Lens,63,1:0,Adrien Thomasson pour Wesley Saïd,Substitute,Lens,
Ligue 1,Journée 27,2024/2025,30/03/2025,20:45,Mathieu Vernice,Decathlon Arena - Stade Pierre-Mauroy,Lille,Lens,63,1:0,Andy Diouf pour Nampalys Mendy,Substitute,Lens,
Ligue 1,Journée 27,2024/2025,30/03/2025,20:45,Mathieu Vernice,Decathlon Arena - Stade Pierre-Mauroy,Lille,Lens,66,1:0,Osame Sahraoui pour Matias Fernandez-Pardo,Substitute,Lille,
Ligue 1,Journée 27,2024/2025,30/03/2025,20:45,Mathieu Vernice,Decathlon Arena - Stade Pierre-Mauroy,Lille,Lens,72,1:0,Goduine Koyalipou pour Florian Sotoca,Substitute,Lens,
Ligue 1,Journée 27,2024/2025,30/03/2025,20:45,Mathieu Vernice,Decathlon Arena - Stade Pierre-Mauroy,Lille,Lens,78,1:0,Nabil Bentaleb pour Ngal'Ayel Mukau,Substitute,Lille,
Ligue 1,Journée 27,2024/2025,30/03/2025,20:45,Mathieu Vernice,Decathlon Arena - Stade Pierre-Mauroy,Lille,Lens,78,1:0,Gabriel Gudmundsson pour Ismaily,Substitute,Lille,
Ligue 1,Journée 27,2024/2025,30/03/2025,20:45,Mathieu Vernice,Decathlon Arena - Stade Pierre-Mauroy,Lille,Lens,78,1:0,Ayyoub Bouaddi pour André Gomes,Substitute,Lille,
Ligue 1,Journée 27,2024/2025,30/03/2025,20:45,Mathieu Vernice,Decathlon Arena - Stade Pierre-Mauroy,Lille,Lens,82,1:0,Facundo Medina,Yellow Card,Lens,
Ligue 1,Journée 27,2024/2025,30/03/2025,20:45,Mathieu Vernice,Decathlon Arena - Stade Pierre-Mauroy,Lille,Lens,83,1:0,Anass Zaroury pour Kyllian Antonio,Substitute,Lens,
Ligue 1,Journée 27,2024/2025,30/03/2025,20:45,Mathieu Vernice,Decathlon Arena - Stade Pierre-Mauroy,Lille,Lens,83,1:0,Jeremy Agbonifo pour Ruben Aguilar,Substitute,Lens,
Ligue 1,Journée 27,2024/2025,30/03/2025,20:45,Mathieu Vernice,Decathlon Arena - Stade Pierre-Mauroy,Lille,Lens,87,1:0,Chuba Akpom pour Jonathan David,Substitute,Lille,
Ligue 1,Journée 27,2024/2025,30/03/2025,20:45,Mathieu Vernice,Decathlon Arena - Stade Pierre-Mauroy,Lille,Lens,88,1:0,Ayyoub Bouaddi,Yellow Card,Lille,
